Date,Test_Positivity_Rate,New_Cases,Case_Growth_Rate,Hospitalization_Rate,ICU_Admission_Rate,Ventilator_Utilization,Mortality_Rate
14/2/2020,0,0,0,0,0,0,0
15/2/2020,0,0,0,0,0,0,0
16/2/2020,0,0,0,0,0,0,0
17/2/2020,0,0,0,0,0,0,0
18/2/2020,0,0,0,0,0,0,0
19/2/2020,0,0,0,0,0,0,0
20/2/2020,0,0,0,0,0,0,0
21/2/2020,0,0,0,0,0,0,0
22/2/2020,0,0,0,0,0,0,0
23/2/2020,0,0,0,0,0,0,0
24/2/2020,0,0,0,0,0,0,0
25/2/2020,12.5,1,0,0,0,0,0
26/2/2020,0,0,0,0,0,0,0
27/2/2020,0,0,0,0,0,0,0
28/2/2020,5.2632,1,0,0,0,0,0
29/2/2020,0,0,0,0,0,0,0
1/3/2020,0,0,0,0,0,0,0
2/3/2020,0,0,0,0,0,0,0
3/3/2020,0,0,0,0,0,0,0
4/3/2020,0,0,0,0,0,0,0
5/3/2020,2.040816327,1,0,0,0,0,0
6/3/2020,0,0,0,0,0,0,0
7/3/2020,5.555555556,1,0,0,0,0,0
8/3/2020,16.92307692,11,0,0,0,0,0
9/3/2020,3.797468354,3,0,0,0,0,0
10/3/2020,2.45398773,4,0,0,0,0,0
11/3/2020,2.586206897,3,0,0,0,0,0
12/3/2020,5.113636364,9,0,0,0,0,0
13/3/2020,2.352941176,6,0,0,0,0,0
14/3/2020,22.03389831,104,0,0,0,0,0
15/3/2020,21.09227872,112,0,0,0,0,0
16/3/2020,11.12515803,88,0,10.67961165,0,0,0
17/3/2020,4.67404674,38,18.35748792,84.48979592,0,0,0
18/3/2020,8.598351001,73,29.55465587,15.33742331,0,0,0
19/3/2020,6.674082314,120,36.80981595,42.46575342,0,0,0
20/3/2020,4.391891892,65,29.6803653,68.92655367,0,0,0
21/3/2020,9.024979855,112,20.97378277,63.62229102,0,0,0
22/3/2020,10.68754255,157,24.30340557,74.65495609,0.7528230866,0,0
23/3/2020,7.301066448,89,11.08343711,71.67042889,0.5643340858,0,0
24/3/2020,8.13253012,108,12.10762332,58.30784913,0.5096839959,0,0
25/3/2020,7.516580693,102,10.2,53.19148936,0.4625346901,0,0
26/3/2020,7.569721116,133,12.06896552,55.28052805,0.5775577558,0,0
27/3/2020,10.01157407,173,14.00809717,52.42227043,0.5061460593,0,0
28/3/2020,7.658227848,121,6.487549148,50.46728972,0.7343124166,0,0
29/3/2020,8.404074703,99,6.487549148,49.15254237,0.6277463905,0,0
30/3/2020,19.35483871,240,14.76923077,47.64803542,0.6640841173,0,0
31/3/2020,15.29209622,178,9.544235925,49.77005621,0.5109862034,0,0
1/4/2020,16.38491547,252,12.35899951,46.52014652,0.4120879121,0,0
2/4/2020,6.842328942,161,7.027498909,48.2788296,0.430292599,0,0
3/4/2020,7.526254376,258,10.53061224,44.91854151,0.5042668735,0,0
4/4/2020,8.52914973,172,6.35155096,43.43173432,0.6642066421,0,0
5/4/2020,20.5380238,397,13.78472222,42.54966887,0.5629139073,0,0
6/4/2020,18.68523316,577,17.6075679,38.16593886,0.8151382824,0,0
7/4/2020,6.762028609,208,5.383022774,37.14285714,0.693481276,0,0
8/4/2020,9.061015711,248,6.090373281,37.41333333,0.8266666667,0,0
9/4/2020,11.46085553,284,6.57103193,36.18998451,1.161590088,0,0
10/4/2020,7.733007733,190,4.129537057,35.04719324,1.241927471,0,0
11/4/2020,9.055258467,254,5.304928989,35.89232303,0.9222333001,0,0
12/4/2020,10.392824,336,6.66931322,35.07828932,1.028277635,0,0
13/4/2020,10.83306937,342,6.363974693,31.53526971,1.060396496,0,0
14/4/2020,8.292682927,272,4.758572428,32.93703214,0.9687362395,0,0
15/4/2020,9.386281588,520,8.684034736,28.18930041,0.8024691358,0,0
16/4/2020,7.934227331,497,7.64027671,25.87452471,0.8365019011,0,0
17/4/2020,7.247506234,465,6.619217082,33.29792884,0.7257921756,0,0
18/4/2020,6.55027399,514,6.870739206,35.26530612,0.7673469388,0,0
19/4/2020,8.529411765,425,5.317152508,34.36724566,0.682382134,0,0
20/4/2020,14.88685244,796,9.455927306,34.16783217,0.7272727273,0,0
21/4/2020,9.45538407,82,0.8060632111,33.20163308,0.7638614513,0,0
22/4/2020,11.07462687,742,0.7611037306,33.98972603,0.7338551859,0,0
23/4/2020,9.38733733,642,0.8060632111,33.22902179,0.5795085767,0,0
24/4/2020,11.57817109,785,0.7041068098,33.45672292,0.5008165487,0,0
25/4/2020,12.59247346,783,0.6577889447,34.38165771,0.4971086537,0,0
26/4/2020,9.466437177,605,0.5634755133,33.54694631,0.4660646665,0,0
27/4/2020,11.70328814,751,0.5634755133,32.78628066,0.3872395353,0,0
28/4/2020,9.449003517,806,0.05720636211,32.17277487,0.3839441536,0,0
29/4/2020,10.59522366,874,0.05871682902,30.40915691,0.4612624925,0,0
30/4/2020,12.42002258,990,0.6282124087,28.25339663,0.5074480275,22.38267148,0
1/5/2020,14.15320821,1297,0.7712433847,26.40692641,0.4403642335,22.69230769,0
2/5/2020,11.34694814,989,0.5459865298,26.56057866,0.4122965642,20.50359712,0
3/5/2020,11.373661,1083,0.5669266607,24.74737059,0.3574620197,18.63799283,0
4/5/2020,13.34077305,1315,0.6514415932,23.99427158,0.4686889728,25.35211268,0
5/5/2020,10.30654353,1049,0.05878372448,23.89347799,0.4500061645,25.43554007,0
6/5/2020,12.48770089,1523,0.05656130261,24.18265495,0.4303388919,25.08710801,0
7/5/2020,14.70858001,1764,0.07106613013,22.40377234,0.482509047,8.216619981,0
8/5/2020,12.60976737,1637,0.06335874908,21.3626396,0.5150696109,9.439252336,0
9/5/2020,14.92391875,1991,0.07246851569,19.07392668,0.4915960485,8.346581876,0
10/5/2020,12.98495645,1476,0.05009333107,18.66814159,0.5663716814,10.09463722,0
11/5/2020,10.40430775,1140,0.07029292635,18.57806969,0.4520834222,8.346456693,0
12/5/2020,19.03274814,2255,0.04228797064,17.34462361,0.4456689085,10.08249313,2.146435228
13/5/2020,11.12558425,1452,0.04228361433,16.6092159,0.4477197987,10.31021898,2.151559182
14/5/2020,10.4379562,1430,0.04197752066,15.69233116,0.4538000991,10.81818182,2.157558171
15/5/2020,10.62642828,1581,0.04247440854,15.05990578,0.445120368,10.95890411,0
16/5/2020,9.537918013,1352,0.05484625818,14.10293169,0.3978209447,10.09090909,0
17/5/2020,14.17594255,1974,0.04916440437,12.99411845,0.379565039,10.09090909,0
18/5/2020,14.20853593,1841,0.0439430469,12.21908267,0.3515573663,9.280138768,0
19/5/2020,13.83755909,1932,0.0439430469,11.78562437,0.3524672709,8.888888889,0
20/5/2020,14.29036883,2193,0.05776619916,11.00583759,0.3575903909,9.256329114,0
21/5/2020,15.88454263,2603,0.05412655175,10.16382966,0.3630976587,9.834775767,0
22/5/2020,11.85307359,1743,0.04126103715,9.74829167,0.357523859,9.794628325,0
23/5/2020,16.75571041,2164,0.04126363014,9.004687069,0.3143093466,8.955223881,0
24/5/2020,16.39476565,1748,0.3201406568,8.75066313,0.3076923077,9.112333071,0
25/5/2020,18.69829013,1356,0.02406631715,8.524899199,0.3377493847,10.13354281,0
26/5/2020,17.02979625,1446,0.03509290481,8.642739274,0.3996493399,12.15686275,0
27/5/2020,23.89777829,2076,0.04303630888,8.75528488,0.3724582243,11.58059468,0
28/5/2020,22.09370547,2636,0.04106106703,8.092857496,0.3613324754,11.3618677,0
29/5/2020,20.20798669,2429,0.03793652777,6.730839706,0.3835723535,12.265625,0
30/5/2020,20.29788939,3039,0.04572881713,6.487763792,0.4655842029,15.14459665,0
31/5/2020,20.58619259,2964,0.04264993669,6.515144756,0.4304768702,14.65451784,0
1/6/2020,23.79743776,3938,0.05434722606,6.358696792,0.4678288963,17.18027735,0
2/6/2020,23.78238342,4131,0.05407209613,6.671748375,0.4292706411,16.51234568,0
3/6/2020,23.24589676,4688,0.05826280402,6.296143612,0.4403552824,18.4169279,0
4/6/2020,21.46238822,4896,0.05742165509,6.494938893,0.4038211802,17.95886076,0
5/6/2020,21.33874239,4734,0.05304261112,8.508920914,0.4674861688,21.12462006,0
6/6/2020,21.47186147,4960,0.05277550195,7.996723171,0.4127544269,23.3719893,0
7/6/2020,20.87417219,4728,0.04778508838,7.811268569,0.438668233,24.95769882,0
8/6/2020,18.87083672,4646,0.04481484696,7.388192951,0.4527113473,26.87813022,0
9/6/2020,22.62700113,5385,0.04971518676,7.380987237,0.4564873102,28.23045267,0
10/6/2020,21.95461559,5834,0.0513095636,7.409663786,0.4670702763,29.8943948,0
11/6/2020,22.56915044,6397,0.053515259,6.788988621,0.4505965899,29.0247678,0
12/6/2020,21.68174204,6472,0.05139640707,10.72583273,0.5263289807,32.50773994,0
13/6/2020,23.09957355,6825,0.05154639074,9.941906367,0.5514770866,33.71757925,0
14/6/2020,18.04366512,5248,0.03769302593,9.622965159,0.5214190778,33.06916427,0
15/6/2020,17.76134319,4443,0.03075208709,9.399946484,0.5373946394,34.18439716,0
16/6/2020,20.76679589,5839,0.03920870797,8.422247932,0.534558855,34.53287197,0
17/6/2020,17.00952381,5358,0.03462134919,7.857069829,0.5214190778,33.86454183,0
18/6/2020,17.15237302,4944,0.03087722804,7.462419114,0.543554007,36.32734531,0
19/6/2020,20.8453016,6604,0.04000106866,6.661576637,0.5239549532,36.52694611,0
20/6/2020,17.15820482,4951,0.0288408887,6.290390025,0.5521554018,39.30987821,0
21/6/2020,14.64941022,4471,0.02531466588,5.875141456,1.48340249,36.59491194,0
22/6/2020,16.04130249,3946,0.02179051069,5.761671673,1.510179108,36.83181226,0
23/6/2020,16.64670659,3892,0.02103897213,5.824031578,1.508141169,35.67251462,0
24/6/2020,18.52072361,4044,0.02140520627,5.470489978,1.44766147,37.02983139,0
25/6/2020,13.18853667,2775,0.01438047369,4.625749199,1.361334386,31.4340589,0
26/6/2020,14.91941235,3138,0.0565668248,4.662689222,1.337755461,33.0557335,0
27/6/2020,16.27953464,4072,0.04705028862,5.029516161,1.543125606,32.13828425,0
28/6/2020,15.36789952,3536,0.01742258136,5.003835432,1.56317237,33.22663252,0
29/6/2020,13.59770664,2846,0.01378268682,4.974185675,1.446540881,32.33034571,0
30/6/2020,18.43607815,4133,0.0197432848,4.664136027,1.438955234,31.4340589,0
1/7/2020,7.608640636,4339,0.02032604113,4.705362567,1.5178292,31.17797695,0
2/7/2020,17.81526525,4087,0.01876414657,4.448429456,1.538728524,28.80685564,0
3/7/2020,15.36054422,3387,0.01526390742,5.439991629,1.665794705,30.83003953,0
4/7/2020,12.50048968,3191,0.01416440655,5.461397607,1.67142188,30.62295082,0
5/7/2020,15.01504198,3344,0.0146362387,5.390589789,1.592126364,30.09836066,0
6/7/2020,10.9492615,2691,0.01160824672,5.252710821,1.565782944,28.78688525,0
7/7/2020,13.57569131,2980,0.01357591312,4.985699002,1.592759983,28.09917355,0
8/7/2020,13.80429869,3359,0.01414381668,5.551383705,1.610089008,27.74234694,0
9/7/2020,11.82971404,2751,0.01142214088,5.10346678,1.738420776,26.78571429,0
10/7/2020,11.67635453,2752,0.01129725087,4.828932731,1.572184258,25.12755102,0
11/7/2020,10.41262236,2521,0.01112818813,4.773785571,1.539522851,21.59340659,0
12/7/2020,12.28918871,2769,0.01112663699,4.250254613,1.399777107,18.68493151,0
13/7/2020,9.414843007,1979,0.007864671147,5.152779925,1.669500696,19.83561644,0
14/7/2020,9.954480666,2165,0.008536930594,4.804506723,1.617830946,18.57534247,0
15/7/2020,8.840985904,2145,0.008386473535,4.50298979,1.6582826,18.08219178,0
16/7/2020,8.721295018,2085,0.008081060045,4.151892297,1.706528035,17.69863014,0
17/7/2020,8.335144062,1918,0.00737695145,4.647064921,1.779359431,16.82191781,0
18/7/2020,6.999423733,1579,0.00602862739,4.913143965,2.109893387,16.34668129,0
19/7/2020,8.305421589,1587,0.006022866819,4.744655028,1.971804687,14.24657534,0
20/7/2020,5.696451667,1013,0.003821671154,4.642645965,1.951284643,14.26255856,0
21/7/2020,7.266379357,1332,0.005007055075,4.668213638,1.912914611,13.93442623,0
22/7/2020,7.867725812,1763,0.006596672816,4.593794104,1.890392987,13.34050565,0
23/7/2020,5.493956194,1209,0.005499260874,4.996209926,1.993133277,13.01775148,0
24/7/2020,6.292848074,1487,0.005644522962,7.751491323,3.006372017,13.01775148,0
25/7/2020,5.272211232,1226,0.004505916677,6.343571022,2.870348662,15.26822157,0
26/7/2020,5.331882588,1176,0.00430176953,6.797709784,2.979468291,12.21086606,0
27/7/2020,4.773074962,936,0.003861046673,7.216609716,3.064180657,12.53362023,0
28/7/2020,5.000940911,1063,0.004034136673,7.36487281,3.127817191,12.21086606,0
29/7/2020,5.150730534,1114,0.004033630874,7.298694126,3.148301574,12.04948897,0
30/7/2020,4.403374458,903,0.003251203639,7.034197879,3.050403146,11.29639591,0
31/7/2020,3.667684256,841,0.003021862563,6.688138693,3.041870452,12.10328133,0
1/8/2020,3.949153753,553,0.001981042179,6.43442297,2.879185556,12.10328133,0
2/8/2020,2.992925818,330,0.001179837756,6.33640553,2.772922295,11.457773,0
3/8/2020,4.041159963,432,0.00154675217,6.155994415,2.756832236,11.24260355,0
4/8/2020,5.66512799,675,0.002585937171,6.627951622,2.870032636,8.875739645,0
5/8/2020,4.846343577,727,0.002585812051,6.904400607,2.797167425,8.015061861,0
6/8/2020,3.821905088,782,0.002773921303,6.996863848,3.060452038,8.768154922,0
7/8/2020,3.455634901,842,0.002979001873,7.544204322,3.120965479,8.606777838,0
8/8/2020,2.710560068,634,0.002236434123,7.498173234,3.01275926,8.230231307,0
9/8/2020,2.629909734,539,0.001897071147,7.624023822,3.68627106,8.015061861,0
10/8/2020,2.913260548,531,0.001865386131,7.654348679,3.93837268,7.853684777,0
11/8/2020,3.538364597,730,0.002633594434,8.096873306,3.180914513,7.907477138,0
12/8/2020,3.917590136,753,0.002633631674,8.139605463,3.180576631,7.746100054,0
13/8/2020,2.636344494,626,0.002180665069,8.366808938,3.314084861,7.5,0
14/8/2020,3.148975634,747,0.002326010298,8.062234795,3.271631511,7.760416667,0
15/8/2020,3.26119065,670,0.002326116677,8.050221566,3.237321516,7.34375,0
16/8/2020,2.173913043,488,0.00169323646,9.367161184,3.762631692,7.135416667,0
17/8/2020,3.503293209,617,0.002133366994,9.352306902,3.82160933,6.5625,0
18/8/2020,2.681657115,613,0.002115018355,10.24265434,4.176295807,6.770833333,0
19/8/2020,2.16730038,513,0.001766571154,10.17999163,4.152365006,6.927083333,0
20/8/2020,2.459688439,630,0.002009680979,10.78032231,4.122137405,7.34375,0
21/8/2020,2.294709637,586,0.002022767255,11.18012422,4.630152456,7.1875,0
22/8/2020,2.368167976,591,0.00236567013,10.96876753,4.32017954,7.094266278,0
23/8/2020,1.85712517,450,0.001538444886,11.41539066,4.436592069,6.302083333,0
24/8/2020,1.959907291,482,0.001641066942,11.75543295,4.1661975,5.885416667,0
25/8/2020,1.877629488,445,0.001512611669,12.22310576,4.714301299,5.9375,0
26/8/2020,1.898383175,445,0.001512636389,12.26084003,4.664326956,5.729166667,0
27/8/2020,1.767235873,415,0.001408120735,12.26191818,4.664326956,5.729166667,0
28/8/2020,1.421948828,319,0.001084753913,12.39140375,4.698216735,5.833333333,0
29/8/2020,1.231687972,264,0.0007204878221,11.88501307,4.294966481,5.520833333,0
30/8/2020,1.182216795,213,0.0007204867558,12.26191818,4.282655246,5.104166667,0
31/8/2020,1.436644,300,0.001014036671,11.75543295,4.1661975,4.791666667,0
1/9/2020,2.153073073,441,0.001489115276,11.78940202,4.141608987,4.6875,0
2/9/2020,1.949963208,424,0.001429582926,12.03059012,4.20043374,4.6875,0
3/9/2020,2.144887587,498,0.001676688643,11.78583455,4.153103603,4.6875,0
4/9/2020,2.976629488,513,0.001724029931,11.13666229,3.821725799,4.375,0
5/9/2020,2.976629488,484,0.001629751816,16.3502951,5.710639655,4.445606695,0
6/9/2020,1.877629014,394,0.001319893203,16.05013757,5.426475084,4.550209205,0
7/9/2020,1.403001573,330,0.001424036709,15.56645852,6.303895332,5.020920502,0
8/9/2020,1.865965834,426,0.001423631733,14.96909037,5.342949661,5.177824268,0
9/9/2020,1.758303014,441,0.001471672801,18.57400722,6.462093863,5.334728033,0
10/9/2020,1.855488589,548,0.001824262261,17.61863676,5.601639943,4.864016736,0
11/9/2020,2.033143016,584,0.001944262326,16.7383394,5.607012901,5.020920502,0
12/9/2020,1.674572602,526,0.001317811862,17.62735766,6.116693108,5.543933054,0
13/9/2020,1.870508214,539,0.001787840133,17.33836392,6.139598697,5.543933054,0
14/9/2020,1.480721772,404,0.001337659867,17.47488743,6.390717007,5.543933054,0
15/9/2020,2.285073329,665,0.002196891658,16.76212938,6.300539084,5.543933054,0
16/9/2020,1.713405433,545,0.001798151698,16.4523574,6.165512694,5.334728033,0
17/9/2020,2.220581722,752,0.002476665986,12.7720413,5.941223193,5.543933054,0
18/9/2020,2.613604359,645,0.002118729439,12.69020085,5.584297018,5.387029289,0
19/9/2020,3.261626117,640,0.002072130133,12.03970081,5.379746835,5.543933054,0
20/9/2020,3.261629167,633,0.002070681335,11.9315752,5.288667142,5.543933054,0
21/9/2020,3.090234858,582,0.001900367716,11.8855265,5.162262084,5.543933054,0
22/9/2020,1.576576013,532,0.001733542749,12.44695898,5.021216407,5.596234325,0
23/9/2020,1.888933545,799,0.002593630551,11.80292366,4.615592853,5.387029289,0
24/9/2020,2.127773038,798,0.002589086112,11.9141872,4.418337708,5.334728033,0
25/9/2020,1.409116937,566,0.001831626293,11.20943953,4.745414903,5.439330544,0
26/9/2020,1.90303828,694,0.002241739642,11.26142596,4.460694698,5.543933054,0
27/9/2020,1.959358881,566,0.001824189436,8.152759488,3.56758051,4.184100418,0
28/9/2020,2.057247819,672,0.002163630137,7.860262009,3.17168467,4.445606695,0
29/9/2020,2.332115763,747,0.002363637427,7.716500056,3.437043693,4.864016736,0
30/9/2020,2.976629168,543,0.001738818796,8.02266289,3.6487253,5.125523013,0
1/10/2020,1.971795438,625,0.001992043516,8.11084826,3.44711051,4.968619247,0
2/10/2020,1.576672362,553,0.001764343667,8.070688879,3.714542999,5.439330544,0
3/10/2020,1.873980726,632,0.002016841419,8.243021346,3.623426382,4.968619247,0
4/10/2020,1.854974705,644,0.002046939761,8.543841922,3.480408667,4.60251046,0
5/10/2020,1.651343706,467,0.001482137055,9.233814625,3.574755473,4.49790795,0
6/10/2020,2.259723329,624,0.001976399439,9.228424015,3.353658537,4.131799163,0
7/10/2020,1.870508214,583,0.001842889432,9.282595134,3.767935122,3.974895397,0
8/10/2020,1.94996755,661,0.002085607729,9.406118776,3.623275345,3.5041841,0
9/10/2020,1.993167979,671,0.002112753667,9.03307888,3.342586167,3.608786611,0
10/10/2020,1.26119065,666,0.002097510877,8.748876909,3.436657681,4.010416667,0
11/10/2020,1.428518422,385,0.001207153877,9.401309635,3.683348924,4.246284501,0
12/10/2020,1.76537206,530,0.001922789324,9.848572419,3.837706624,4.936305732,0
13/10/2020,2.126850746,615,0.001922788325,9.713049419,3.826007743,4.936305732,0
14/10/2020,2.372732409,756,0.002359086685,8.643718102,3.692040395,4.087048832,0
15/10/2020,1.94389546,659,0.001991569437,9.406118776,3.91060032,4.027504912,0
16/10/2020,1.974434006,641,0.001991449437,9.08000872,3.760627861,4.140127389,0
17/10/2020,1.768448631,567,0.001758400136,8.530550775,3.571428571,3.927813163,0
18/10/2020,1.624155624,440,0.001362148976,8.407928389,3.420716113,3.927813163,0
19/10/2020,2.384495059,625,0.001932280524,8.5995086,3.738916782,4.246284501,0
20/10/2020,2.474690664,660,0.002032806513,8.882490936,3.817445084,4.670912951,0
21/10/2020,2.579378986,736,0.002266400614,8.877826177,3.868492014,4.83014862,0
22/10/2020,2.720887246,736,0.002261275658,8.574327752,3.63267377,4.723991507,0
23/10/2020,2.976629168,847,0.002591060741,8.29506595,3.507572057,4.511677282,0
24/10/2020,2.613604359,832,0.002543852965,7.817772778,3.233970754,4.352441614,0
25/10/2020,1.668730183,707,0.002152388589,7.536151279,3.30923248,4.777070064,0
26/10/2020,2.848929348,773,0.002352386671,7.622877569,3.243967828,4.936305732,0
27/10/2020,2.798792279,825,0.002503636714,7.688999742,3.448869012,5.201698514,0
28/10/2020,3.083296547,908,0.002749840878,7.669944421,3.480119709,5.042462845,0
29/10/2020,3.27331248,1078,0.003255730875,6.810519218,3.455832771,5.201698514,0
30/10/2020,3.720951678,807,0.002429360875,6.913620988,3.390809339,5.307855626,0
31/10/2020,3.261629167,977,0.003261629167,6.520012706,3.271918679,5.148619944,0
1/11/2020,1.186578371,1123,0.003482617432,6.637970095,3.383174747,6.316348195,0
2/11/2020,4.170240217,1167,0.003484716584,6.523451486,3.372717508,6.847133758,0
3/11/2020,4.942593638,1313,0.003906946384,6.547862898,3.168100505,6.314085267,0
4/11/2020,4.021497405,1302,0.003856943535,6.574394464,3.440621532,6.574024586,0
5/11/2020,3.849489439,1376,0.004060494282,6.126092846,3.3801256,6.951871658,0
6/11/2020,4.36627907,1502,0.004414388202,6.25,3.459082308,6.946688207,0
7/11/2020,4.438948995,1436,0.00420186509,5.993035273,3.454279937,7.982740022,0
8/11/2020,4.949010198,1650,0.004807846405,5.832147937,3.282229598,8.351293103,0
9/11/2020,5.131018054,1637,0.004749632866,5.891743577,3.292591669,9.541778976,0
10/11/2020,5.339335397,1708,0.005192656756,5.863114987,3.417385534,10.61994609,0
11/11/2020,4.928310527,1808,0.005192656756,5.867439334,3.431727635,10.18318966,0
12/11/2020,6.240013,2304,0.006583007612,5.943065014,3.383951609,10.50646552,0
13/11/2020,6.269002461,2165,0.006145400459,5.912276735,3.420482797,10.9795479,0
14/11/2020,6.198934281,2443,0.006890154567,5.658157444,3.087564176,11.08122647,0
15/11/2020,7.210870523,2128,0.005962387645,5.658157444,3.087564176,11.7267348,0
16/11/2020,6.978010756,2050,0.005709797455,5.809671313,3.101015316,17.12328767,0
17/11/2020,5.728518057,2208,0.006114954498,5.8263619,3.227718859,17.16458446,0
18/11/2020,6.902626087,2547,0.00700919148,6.327136385,3.130760819,17.87072243,0
19/11/2020,6.380945722,2738,0.007481063063,6.012752518,2.821643525,12.82766313,2.050913431
20/11/2020,6.649981287,2843,0.007711061098,6.067364328,2.862126151,12.82766313,2.046523897
21/11/2020,6.836313265,2665,0.007363756886,5.831038901,2.886895837,13.96590909,2.047715896
22/11/2020,7.462969482,2756,0.007837019704,5.619589027,2.878898508,14.24657534,2.041763834
23/11/2020,7.542448615,2954,0.007927019704,5.532578816,2.830679314,15.3217012,2.038522387
24/11/2020,5.728518057,3009,0.005728518057,5.591831889,2.922912449,16.82398667,2.037911474
25/11/2020,7.187112763,3306,0.00863428852,5.652480495,2.922912449,16.07243959,2.030823567
26/11/2020,7.203683991,3113,0.008060632111,5.81336613,3.013199218,15.57562077,2.028455399
27/11/2020,6.314414284,3045,0.007821510309,5.657156271,3.087855573,15.96590909,2.02418212
28/11/2020,7.00785256,2829,0.007210286884,5.659421819,3.163114581,16.26848692,2.020572643
29/11/2020,8.529411765,2839,0.008529411765,5.234987751,2.888198118,17.07455859,2.015958837
30/11/2020,5.999658278,2458,0.006175507003,5.457692699,2.934528052,17.12328767,2.02031552
1/12/2020,8.037616842,2829,0.007063987895,5.644837284,3.129770992,17.81214204,2.024740213
2/12/2020,8.155416744,3499,0.008015588588,5.817555272,3.07043017,19.08045977,2.016912072
3/12/2020,7.309476326,3262,0.008308734805,5.692430155,2.964645582,18.90348372,2.014280419
4/12/2020,7.586039158,3119,0.007601981389,5.731583873,2.927863405,19.19134396,2.009482298
5/12/2020,7.943330532,3308,0.009111666535,5.639423258,2.953356172,20.26106697,2.007447797
6/12/2020,9.711843589,3795,0.006861665889,5.589478628,2.96997507,20.18296169,1.998125122
7/12/2020,8.583754835,2885,0.00700426307,6.889536855,3.621075473,19.0368272,2.005534301
8/12/2020,7.778536176,2963,0.007361067306,6.685199894,3.563233607,19.20529801,2.005669472
9/12/2020,7.805581812,3138,0.007363747306,6.83543212,3.540624461,19.6369637,2.004053299
10/12/2020,7.153253826,3047,0.00709875342,7.016284599,3.817684267,20.24336283,2.001494239
11/12/2020,6.587650268,2729,0.00631106353,7.034229483,3.856113753,19.5162177,2.005259093
12/12/2020,7.979252522,3369,0.007741063384,6.457354865,3.480666538,19.40626718,2.006272453
13/12/2020,7.420672322,2362,0.005387461439,6.380726564,3.444406808,19.02144035,2.003688857
14/12/2020,7.117015426,2459,0.005578957087,6.367688719,3.468171971,17.5448126,2.009042383
15/12/2020,5.457081273,2731,0.005470875087,6.3387707,3.522917571,17.16458446,2.020283557
16/12/2020,6.348216513,2545,0.005706572317,7.117686868,3.929896619,16.78435633,2.024426895
17/12/2020,6.076629991,2972,0.006621067071,7.034229483,3.856113753,16.02390005,2.029705821
18/12/2020,6.612584503,3179,0.007041065983,7.328576316,4.102927521,15.15480717,2.034429139
19/12/2020,6.529411765,2615,0.008529411765,7.128942372,3.849283653,15.40626718,2.040289708
20/12/2020,5.153571839,1792,0.003918755879,7.223827517,3.958904448,16.07821836,2.046330027
21/12/2020,4.925709661,1704,0.003712675554,7.245224907,4.018777477,17.4904943,2.05656085
22/12/2020,6.013306757,2142,0.004649729091,7.732489118,4.337158686,17.15053763,2.064976427
23/12/2020,6.068920991,2256,0.004871068428,7.52064388,4.154907495,17.87072243,2.078826843
24/12/2020,5.457081273,2152,0.004621061667,7.493962764,4.146867129,17.92504074,2.087444512
25/12/2020,6.123167791,2260,0.004831064805,7.249151288,4.045741124,17.16458446,2.090814983
26/12/2020,5.569582206,1853,0.003948103183,7.078745964,4.116752031,17.43617599,2.094900655
27/12/2020,6.129483,1974,0.004188100246,7.029983793,2.976465708,16.74903899,2.0977839
28/12/2020,5.791430248,1776,0.003759305953,7.319309601,4.042610572,16.4738292,2.103202585
29/12/2020,5.921956481,2155,0.004531064805,7.319309601,4.042610572,16.48764769,2.105230073
30/12/2020,6.235042197,2475,0.005181069902,7.791643744,4.282363842,16.48764769,2.106459043
31/12/2020,6.001608226,2463,0.005134298472,7.744514422,4.167026141,16.11170784,2.110423951
1/1/2021,5.712940438,2184,0.004529447631,7.81383433,4.284087674,16.19172109,2.117837485
2/1/2021,5.118039286,2272,0.004690706538,7.775565712,4.351849256,16.32172109,2.118840854
3/1/2021,6.287534424,1895,0.003984037001,7.689938973,4.27467667,16.37426901,2.118605037
4/1/2021,5.551278761,1947,0.003985433823,7.642759123,4.301667542,16.69324827,2.122224125
5/1/2021,5.442351672,2118,0.004318253642,8.1772377,4.617664493,16.60477454,2.123655587
6/1/2021,6.127033499,2482,0.00503863222,8.138271315,4.537578196,16.94459387,2.12311266
7/1/2021,6.346269124,2435,0.0049184467,8.456104335,4.709576138,15.86462189,2.122168399
8/1/2021,4.907330432,2007,0.004034089767,8.301965705,4.657346,16.06954689,2.121649513
9/1/2021,6.527809052,2899,0.005803760133,8.056776715,4.591558199,15.94963274,2.118563103
10/1/2021,5.43679759,1877,0.00373594701,7.978210293,4.516824604,15.42497377,2.117023238
11/1/2021,6.006785073,2408,0.004775003674,8.36004352,4.807833681,16.78908709,2.115054046
12/1/2021,5.381495564,2123,0.004189847662,8.609751677,4.954383421,16.89401889,2.117038504
13/1/2021,7.449367393,3097,0.006086583966,8.571259854,4.851043727,17.18177056,2.113216688
14/1/2021,5.98875096,2417,0.004721431627,8.177002546,4.720653224,17.44368779,2.112035276
15/1/2021,5.732874452,2432,0.004878374163,8.411574801,4.887006486,17.96596597,2.110803646
16/1/2021,6.120268991,2521,0.004878379163,8.287945592,4.775078528,17.52360965,2.108836856
17/1/2021,5.059421856,1920,0.003697348887,8.143257303,4.661864746,17.05141658,2.109894074
18/1/2021,4.929751048,1800,0.003388074056,8.003381711,4.579399746,15.67267684,2.113722274
19/1/2021,5.474295526,1772,0.003388074056,8.167676251,4.695276285,15.67085954,2.115731645
20/1/2021,5.401883687,2363,0.005038830274,7.990253025,4.561811124,15.26822157,2.116491446
21/1/2021,4.868997461,1745,0.003441067306,8.185359148,4.674074923,15.19453207,2.118394906
22/1/2021,4.769447813,1927,0.003643472852,7.954253772,4.560362776,15.75630252,2.118805316
23/1/2021,3.956807745,1594,0.003009331593,8.075103489,4.547604967,15.75630252,2.121477352
24/1/2021,4.449968585,1629,0.003059296355,8.075103489,4.547604967,15.75630252,2.119312937
25/1/2021,4.398055745,1873,0.003507221356,8.075103489,4.550738115,15.26822157,2.122728647
26/1/2021,5.785878648,1563,0.00292640134,7.817859255,4.438202247,15.26822157,2.130323716
27/1/2021,4.678964259,1910,0.003553640435,7.893077039,4.460129149,15.26822157,2.13464544
28/1/2021,3.789677509,1644,0.003048672083,7.914196663,4.51323107,15.77568134,2.1366613
29/1/2021,5.258839146,2179,0.004027650873,7.673674452,4.342235115,15.96590909,2.139672394
30/1/2021,3.766340831,1599,0.002964359087,7.808450365,4.457235851,15.96590909,2.139633232
31/1/2021,1.616726629,1615,0.002964316294,8.440109771,4.765137116,15.96590909,2.138067595
1/2/2021,3.143276737,1220,0.002232766291,11.75543295,4.884833649,15.26822157,2.144808344
2/2/2021,3.902989284,1384,0.002517170673,11.78940202,4.141608987,4.6875,2.14960148
3/2/2021,3.753119364,1508,0.002746650873,12.03059012,4.20043374,4.6875,2.14934428
4/2/2021,3.517017828,1302,0.002364950873,11.63171116,5.929777414,4.6875,2.153877378
5/2/2021,3.859659654,1286,0.002333370671,8.411574801,4.887006486,17.96596597,2.15393182
6/2/2021,3.642366185,1346,0.002433430295,8.287945592,4.775078528,17.52360965,2.157261704
7/2/2021,3.225605773,1037,0.001870130132,8.143257303,4.661864746,17.05141658,2.164853621
8/2/2021,3.199085975,1008,0.001926571671,8.003381711,4.579399746,15.67267684,2.168120046
9/2/2021,3.38031722,1072,0.001923631734,8.167676251,4.695276285,15.26822157,2.175070071
10/2/2021,4.010466731,1502,0.002694730709,8.877826177,4.478659292,15.26822157,2.179422744
11/2/2021,3.599773014,1270,0.002271530613,8.575334521,4.449231534,15.77568134,2.180372366
12/2/2021,3.40024249,1262,0.002252116673,8.411233781,4.513932715,15.75630252,2.185800134
13/2/2021,3.261629167,1404,0.002491368715,8.28944802,4.57187439,15.75630252,0
14/2/2021,1.61882963,1048,0.001861366049,8.214549268,4.427700315,15.75630252,0
15/2/2021,1.61882963,958,0.001698294589,9.352306902,4.82160933,15.26822157,0
16/2/2021,3.509458971,1165,0.002069058881,9.713049419,4.450575816,15.26822157,0
17/2/2021,3.261629167,1272,0.002194735694,9.282595134,4.720587604,15.26822157,0
18/2/2021,2.97662963,1245,0.002194735694,8.574327752,4.449231534,15.77568134,0
19/2/2021,3.16545403,1340,0.002357056293,8.512935509,4.513932715,15.75630252,0
20/2/2021,3.261629167,1329,0.002032699087,8.391236818,4.461897185,15.75630252,0
21/2/2021,3.589886423,1160,0.002030904768,8.395938248,4.478659292,15.75630252,0
22/2/2021,3.090234858,1050,0.001835938172,8.450761753,4.48066005,15.26822157,0
23/2/2021,5.073733734,930,0.001835938172,8.806253962,4.707373759,15.26822157,0
24/2/2021,3.97762963,1361,0.002368686693,8.771100898,4.720587604,12.09889532,0
25/2/2021,3.682286315,1541,0.002677290133,9.055418443,4.761050034,11.36244082,0
26/2/2021,3.364375991,1315,0.002277120651,9.227985525,4.899322632,11.57285633,0
27/2/2021,3.021582014,1176,0.002031800443,9.131709104,4.877266899,11.4918292,0
28/2/2021,3.63086233,1392,0.002400116652,9.073219296,4.765137116,11.4918292,0
1/3/2021,3.640290472,1163,0.002000461235,8.893797331,4.629462676,11.0701107,0
2/3/2021,5.381495564,1388,0.00238261718,11.98342143,6.174915906,11.59725883,0
3/3/2021,3.753119364,1519,0.002607130874,11.6492376,5.707775895,11.12282551,0
4/3/2021,4.155481867,1579,0.002693010873,11.63171116,5.929777414,11.86083289,0
5/3/2021,4.486910995,1714,0.002939629873,8.070688879,3.714542999,11.0701107,0
6/3/2021,4.577365186,1780,0.003023661863,8.243021346,3.623426382,4.968619247,0
7/3/2021,4.635048185,1592,0.002695981383,8.543841922,3.480408667,4.60251046,0
8/3/2021,4.256590952,1353,0.00228057813,9.233814625,3.574755473,4.49790795,0
9/3/2021,4.530120482,1786,0.003009575086,9.228424015,3.353658537,4.131799163,0
10/3/2021,5.355279385,2258,0.003793434233,9.713049419,3.826007743,4.027504912,0
11/3/2021,6.56650378,2701,0.004525381173,8.571259854,4.851043727,4.864016736,0
12/3/2021,5.501305913,2338,0.003895380913,11.14146934,5.646630237,4.864016736,0
13/3/2021,6.567399665,2664,0.004421312585,10.89437053,5.496898821,4.864016736,0
14/3/2021,5.113365561,2253,0.003722736286,10.56810963,5.318086941,4.864016736,0
15/3/2021,7.11262963,2511,0.004134325179,10.2504817,5.232284307,4.864016736,0
16/3/2021,5.059421856,2351,0.003854325179,10.91172341,5.62039312,4.864016736,0
17/3/2021,7.875701377,3495,0.005707846172,10.05204945,5.550585556,4.864016736,0
18/3/2021,8.049947485,3449,0.005601063063,6.012752518,2.821643525,12.82766313,2.050913431
19/3/2021,9.466129317,3876,0.006259093529,8.98363538,4.608466324,12.82766313,2.214447913
20/3/2021,8.7392755,3667,0.005884760124,9.322660494,5.11781914,12.82766313,2.208512417
21/3/2021,8.434870569,3669,0.005853523122,8.93559117,4.862413063,12.82766313,2.198832302
22/3/2021,8.228071058,3270,0.005186753066,8.741856088,4.731431881,12.82766313,2.198847794
23/3/2021,8.62248048,3301,0.005208756671,8.423566447,4.667697902,12.82766313,2.192163154
24/3/2021,10.15492305,3946,0.006194250668,8.27431881,4.522837962,12.82766313,2.188496509
25/3/2021,10.29751521,4368,0.006814480146,8.307577268,4.566301097,12.82766313,2.183446036
26/3/2021,10.44112493,4468,0.007335832473,8.169280266,4.290503296,12.82766313,2.171585005
27/3/2021,6.213604359,4767,0.00733296293,8.52914973,4.87760861,12.82766313,2.162896971
28/3/2021,8.529411765,4525,0.006196296293,7.817757109,4.116752031,12.82766313,2.164656212
29/3/2021,8.826644189,4084,0.006172795918,7.762366808,4.030001786,12.82766313,2.160917544
30/3/2021,8.529411765,4757,0.007446296293,7.342782389,3.862442826,12.82766313,2.159210974
31/3/2021,9.937069224,4974,0.007777914823,7.086446483,3.677214404,12.82766313,2.15478534
1/4/2021,10.4325294,5234,0.007777914823,7.213675214,3.646153846,12.82766313,2.152183081
2/4/2021,9.410991113,4723,0.006962381824,7.138100946,3.565721135,12.82766313,2.148252383
3/4/2021,9.027965111,5020,0.006284295886,7.043124491,3.537835639,12.82766313,2.141048292
4/4/2021,9.9695586,4323,0.005710487306,7.035558386,3.565159306,15.86462189,2.143686152
5/4/2021,8.471016822,3953,0.005751350808,7.035558386,3.565159306,15.86462189,2.145995076
6/4/2021,9.602148733,4004,0.005751350808,7.035558386,3.565159306,15.86462189,2.145995076
7/4/2021,10.69736631,5329,0.005751350808,7.054363077,3.649580559,19.6369637,2.143676198
8/4/2021,9.667321832,5312,0.005761067306,6.85708556,3.801693143,19.5162177,2.142428066
9/4/2021,6.213604359,5139,0.005761067306,6.647691508,3.64268316,19.40626718,2.141017476
10/4/2021,6.52914973,5050,0.005761067306,6.659898477,3.634517766,19.40626718,2.141832798
11/4/2021,10.29788381,4584,0.005761067306,6.615204741,3.60587782,19.40626718,2.136295104
12/4/2021,8.547110055,4318,0.005950920866,6.607570297,3.58129258,19.40626718,2.139823542
13/4/2021,5.381495564,4681,0.005413030875,6.587021379,3.548861993,19.40626718,2.145085325
14/4/2021,8.340418953,5395,0.005761067306,5.549020099,3.862037895,19.40626718,2.145392515
15/4/2021,8.318729548,5364,0.005761067306,5.560408033,3.649346509,19.40626718,2.144710957
16/4/2021,7.622665788,4976,0.005761067306,6.300247763,3.578651969,26.49006623,2.145414699
17/4/2021,8.529411765,6127,0.008167061069,6.560409141,3.582467508,26.89760571,2.147735311
18/4/2021,8.529411765,5152,0.006811063069,6.501288347,3.64140211,27.37913486,2.142790539
19/4/2021,8.007117438,5445,0.007151064711,7.034229483,3.856113753,27.9389313,2.145440889
20/4/2021,11.62554703,5499,0.005761067306,6.433226714,3.584569876,27.9389313,2.149198388
21/4/2021,10.16999184,5757,0.005761067306,6.416671667,3.533290163,28.44783715,2.145616123
22/4/2021,10.90713144,5870,0.005761067306,6.512427038,3.578657503,28.60050891,2.147918399
23/4/2021,11.27437884,5908,0.005761067306,6.426747102,3.528296872,28.49872774,2.151728573
24/4/2021,10.1781309,5611,0.006071062964,6.528895804,3.559268529,27.3512476,2.151385008
25/4/2021,9.619026734,4825,0.005606395886,6.512065816,3.565384055,29.02240326,2.147161854
26/4/2021,10.20213274,4487,0.005605582846,7.003895483,3.840809167,28.68773946,2.152833941
27/4/2021,10.77778448,5292,0.006574410869,7.126418538,3.872708515,31.6491897,2.16358051
28/4/2021,9.611842913,5480,0.005766203445,7.042676818,3.925955609,31.12014453,2.1674343
29/4/2021,10.41161734,5112,0.005766203445,7.107824396,3.820988126,28.95212285,2.169895337
30/4/2021,9.634796881,4696,0.005721064805,7.331617948,4.026371296,30.3071364,2.175237638
1/5/2021,9.749309774,4414,0.005346939319,7.374443738,4.041891123,30.24635036,2.17728419
2/5/2021,9.167863516,4213,0.005076313389,7.428967744,4.087410321,30.56569343,2.175758201
3/5/2021,8.984489318,3377,0.00404845195,7.503105013,4.192638507,30.38321168,2.186208618
4/5/2021,9.173022882,4113,0.004910909909,6.795691288,4.182054924,30.83941606,2.18966394
5/5/2021,9.034368477,4198,0.00498790451,6.681556812,4.137955615,29.69890511,2.191567366
6/5/2021,9.583909379,4298,0.005081381313,6.783832543,4.16611907,29.33513028,2.196955528
7/5/2021,8.542086772,4109,0.004833372739,6.54047455,4.062564214,30.3054811,2.200435475
8/5/2021,9.291535742,3785,0.004017360779,6.618599536,4.004643774,29.17225951,2.204478652
9/5/2021,9.129674754,3447,0.004017130133,6.646345257,3.996267496,29.17225951,2.204712162
10/5/2021,7.931486768,3084,0.003578462517,6.779467825,4.060335111,27.15883669,2.209917912
11/5/2021,7.429562875,2869,0.003318462518,6.773283161,4.103951082,27.60301285,2.214567496
12/5/2021,8.350170072,3265,0.00376395777,6.678036561,4.015882322,26.45104121,2.22073428
13/5/2021,8.198697068,2517,0.002890760589,6.493364942,3.870677675,26.1852016,2.219830054
14/5/2021,5.061491669,1531,0.00175328096,7.803811077,5.405205012,13.38930623,2.225433295
15/5/2021,7.825143083,2379,0.002719630136,6.979177262,4.277888374,25.52060257,2.228061975
16/5/2021,8.800073459,3232,0.002914730736,7.161807602,4.307931343,25.87505538,2.228287909
17/5/2021,8.610449314,2566,0.002914730736,7.092292914,4.24148378,24.81169694,2.237102006
18/5/2021,7.794881616,3256,0.003687729917,7.523690435,4.468415264,25.13297872,2.240618201
19/5/2021,6.213604359,4207,0.003742106809,7.480160526,4.425032437,23.93617021,2.244744163
20/5/2021,5.957925788,3070,0.00344792344,7.702161983,4.694048617,23.93617021,2.24844733
21/5/2021,6.438188888,4007,0.004484806837,7.596632827,4.560362776,15.8254469,2.248213864
22/5/2021,4.969304394,3084,0.00344723913,7.665667668,4.672628553,22.33261339,2.248731889
23/5/2021,5.215612749,3060,0.003397916135,7.570291018,4.579048588,21.8574514,2.247457113
24/5/2021,4.821726662,2253,0.002493366293,7.581667668,4.60550606,22.33261339,2.252023509
25/5/2021,4.611009547,2724,0.003006113472,7.722174288,4.634300126,22.33261339,2.252425774
26/5/2021,4.347271393,2726,0.00300029937,7.618014843,4.547765089,21.67530225,2.253918021
27/5/2021,4.80774848,2482,0.0027235763,7.679667668,4.621999283,21.22130793,2.255128127
28/5/2021,4.428050936,2455,0.002686630539,7.519921165,4.516030379,20.70160243,2.257053018
29/5/2021,4.819083356,2697,0.00294355612,7.355088447,3.910827715,20.09527934,2.256522761
30/5/2021,4.053769412,2117,0.002303750176,7.250182102,4.363661003,19.40233867,2.256004812
31/5/2021,3.718010623,1771,0.001927136225,7.257220594,4.414329566,19.31572109,2.259369067
1/6/2021,3.906073863,1843,0.001993225158,7.425706605,4.535711691,19.31572109,2.263517569
2/6/2021,3.936106205,2028,0.002043732177,7.395619503,4.506676209,18.62278042,2.268491791
3/6/2021,3.581225525,1893,0.002042743297,7.471152725,4.584482692,18.36292767,2.272805593
4/6/2021,3.816006191,1923,0.00207088612,7.630218444,4.710137524,18.10307492,2.277135896
5/6/2021,3.107177599,1629,0.001598472332,7.482622896,4.622728415,17.36682547,2.281309675
6/6/2021,3.023232221,1490,0.001488313298,7.334937521,4.495947315,17.41013426,2.283881195
7/6/2021,2.949959473,1383,0.001481313298,7.460489283,4.615717688,17.41013426,2.286171422
8/6/2021,2.546697039,1118,0.001391836711,7.290995176,4.592437815,16.06756172,2.291666444
9/6/2021,3.115436113,1303,0.001391836711,7.2158423,4.396871327,15.6344738,2.296588346
10/6/2021,3.218634983,1303,0.00138996452,7.093401807,4.296391398,14.85491555,2.298407328
11/6/2021,2.141822819,1194,0.001318181867,6.999555212,4.007800518,14.0753573,2.301551922
12/6/2021,3.406841179,1239,0.001318130131,6.836131473,4.128635611,14.24859246,2.304472093
13/6/2021,1.598561738,1019,0.001082694443,7.012414322,4.158078896,13.94543092,2.305588369
14/6/2021,1.391620765,838,0.0008894181528,6.975494148,4.002052335,15.47743966,2.309796008
15/6/2021,2.073073073,930,0.001100730734,6.888861045,3.989475003,15.07372109,2.312128932
16/6/2021,3.008387999,1119,0.001183733886,7.582493442,4.315891205,12.21307926,2.314258388
17/6/2021,1.908613465,1043,0.001107300064,7.467396465,4.295009634,12.12646167,2.315829077
18/6/2021,2.141772557,991,0.0011073174,7.213096278,4.130624665,12.5162408,2.316256659
19/6/2021,2.556921953,1050,0.00110850034,7.626869186,4.3270929,12.7566623,2.31759376
20/6/2021,1.598588589,907,0.000956481334,7.339800118,4.232804233,12.3634775,2.318539785
21/6/2021,1.699259297,663,0.0006985013362,7.270118379,4.146239388,11.83923111,2.319764002
22/6/2021,2.04310288,930,0.0009791006732,7.317073073,4.09028935,11.44604631,2.321596856
23/6/2021,2.37601361,930,0.001153806083,7.050036434,4.077605052,12.0576671,2.322598268
27/6/2021,2.054117217,914,0.0009602297993,6.870442203,3.925523662,11.27129751,2.326253038
28/6/2021,1.786886442,735,0.0007623636719,6.845395453,3.928093802,11.05286151,2.326870154
29/6/2021,2.327516523,979,0.001023635426,6.745554642,3.613813076,10.87811271,2.327310938
30/6/2021,2.976672629,1037,0.001083636252,6.616929518,3.613813076,10.44124072,2.328966369
1/7/2021,2.720436292,1277,0.001332410873,6.618614854,3.804450016,9.96068152,2.328368162
2/7/2021,2.915026964,1400,0.001458730733,6.531761503,3.784151737,9.261686326,2.328514127
3/7/2021,2.56731895,1228,0.001261166677,6.480675095,3.657767501,8.650065531,2.327273105
4/7/2021,2.221389573,830,0.001391166677,6.657681941,3.716681641,8.69375273,2.327862394
5/7/2021,3.277378098,1517,0.001572730974,6.429894452,3.601564108,8.78112713,2.325966582
6/7/2021,3.330628723,1683,0.0017422214,6.472445049,3.602560019,7.80490177,2.324538332
7/7/2021,3.278610967,693,0.001885550871,6.308155061,3.5420122,7.80490177,2.322904332
8/7/2021,3.654687763,1737,0.001885550871,6.323037252,3.461897185,9.174311927,2.322136015
9/7/2021,3.797731333,1828,0.001885550871,6.373503293,3.541427771,9.217999126,2.320186092
10/7/2021,4.092431069,1980,0.0018576284,6.299518409,3.492827922,10.09174312,2.317422356
11/7/2021,3.845581197,1808,0.001630615368,6.172434669,3.430531732,15.26822157,2.315361252
12/7/2021,3.630965974,1590,0.001630615368,6.218491668,3.50692575,10.13543032,2.313129631
13/7/2021,4.170879676,1980,0.002026888005,6.218491668,3.50692575,10.35386632,2.311920211
14/7/2021,5.20343488,2545,0.002591123065,6.187101347,3.538861328,10.31021898,2.311920211
15/7/2021,6.174051473,2327,0.002829055911,6.127776506,3.526448363,10.04805592,2.309602641
16/7/2021,5.651105651,2783,0.002822065511,6.138791988,3.481866649,10.22280472,2.296886865
17/7/2021,5.340462144,2607,0.002478586154,5.945363504,3.426929497,10.04805592,2.302797503
18/7/2021,4.953235095,2452,0.002478586154,5.793244626,3.392016377,10.04805592,2.300128967
19/7/2021,5.256708737,2145,0.002162895612,5.800068547,3.378797893,10.04805592,2.298887583
20/7/2021,6.261836546,2579,0.002594901557,5.604610996,3.332104252,10.04805592,2.296951882
21/7/2021,6.306990881,2158,0.00216568602,5.351455869,3.175235062,10.04805592,2.295993727
22/7/2021,5.651397977,1425,0.001426984805,5.273856368,3.149767824,10.04805592,2.29382201
23/7/2021,4.891593155,1841,0.001840967431,5.284357563,3.172462732,10.04805592,2.292800998
24/7/2021,6.323605285,2819,0.002813724056,5.283560068,3.034864384,12.03463203,2.290846765
25/7/2021,7.51196268,3752,0.003734470396,5.268257236,3.06752712,11.98615318,2.285496695
26/7/2021,6.60163523,3262,0.003234679894,5.182056462,2.9917027,12.64464428,2.281982548
27/7/2021,7.877072536,4119,0.004071332835,5.769771035,3.357213092,12.70527226,2.27725784
28/7/2021,7.531780193,4497,0.004426934901,5.833235722,3.34499088,12.98533218,2.274669615
29/7/2021,7.795130835,4537,0.004076829025,5.452049421,3.171059182,13.79757785,2.272991167
30/7/2021,7.464577028,4950,0.0048805072,5.225356959,3.034864384,13.92733564,2.268377401
31/7/2021,8.822961468,5026,0.0048805072,5.31189816,3.013126084,13.75432526,2.26335162
1/8/2021,8.611337611,4858,0.004694459127,5.78098154,3.273745149,17.21453287,2.256623337
2/8/2021,7.193059962,3582,0.003445241152,5.092924175,3.00240139,17.47404844,2.255297491
3/8/2021,8.226767483,4722,0.004521242976,5.469813601,3.273745149,17.69031142,2.249525047
4/8/2021,9.063110371,5661,0.005401722245,5.78098154,3.45308685,17.69031142,2.243133459
5/8/2021,8.183715355,4745,0.004459540535,5.750575058,3.417841784,21.12462006,2.23940741
6/8/2021,8.246990373,4720,0.004199400539,5.918308554,3.505893258,21.12462006,2.238400941
7/8/2021,8.099705465,4455,0.004194409538,5.764169794,3.444368634,18.8556567,2.235429663
8/8/2021,7.547451095,4040,0.003784419728,5.133376552,3.411846623,19.07238838,2.231947892
9/8/2021,7.845010756,3884,0.003624419728,5.934120601,3.522569794,19.41915908,2.231883842
10/8/2021,7.506569794,4856,0.004566999187,5.862924175,3.521515803,19.72292417,2.229349476
11/8/2021,8.306816843,4934,0.004566992424,5.848924175,3.595578598,19.50585176,2.228612708
12/8/2021,7.762503361,4619,0.004395986262,5.90820539,3.623776613,19.76592978,2.226416237
13/8/2021,8.093208874,4786,0.004391176173,5.969563552,3.67180103,20.06905481,2.223350894
14/8/2021,6.846358202,3711,0.003340282776,6.008555163,3.703746173,20.16337059,2.221938985
15/8/2021,6.83953471,3669,0.003340282776,5.887930645,3.594166253,19.9827363,2.221074896
16/8/2021,6.685207862,3221,0.002922657901,6.126534207,3.761023987,21.15219261,2.223197322
17/8/2021,6.916115559,3974,0.003595402244,6.081618162,3.737713839,21.10920034,2.221182503
18/8/2021,7.860301255,4373,0.003942218063,6.054886017,3.655717014,22.00455581,2.219105336
19/8/2021,6.23100304,3239,0.002908462017,6.007364328,3.649928072,20.29234738,2.218937295
20/8/2021,5.735540264,3084,0.002761316651,6.333947262,3.92614887,23.06636156,2.218630856
21/8/2021,7.177686028,3842,0.003356433289,6.465623391,3.952582443,22.57624033,2.21771969
22/8/2021,7.000612461,3772,0.003356433289,6.560348758,3.995818459,22.02084277,2.217395777
23/8/2021,6.798124885,4075,0.003613921444,6.6559761,3.99358566,22.899729,2.21745243
24/8/2021,6.837648591,4199,0.003710486243,6.765086538,3.998947068,22.71906052,2.224737215
25/8/2021,7.409758162,4553,0.004008425589,6.533758293,3.854993279,24.54342984,2.222216532
26/8/2021,6.426011265,3787,0.003247127589,6.926373285,4.117633998,24.54342984,2.222216532
27/8/2021,6.836198741,4191,0.003662465511,6.634755145,4.032654667,24.92211837,2.22141315
28/8/2021,6.212848469,3909,0.003297235511,6.389229152,3.985951067,24.29906542,2.219527603
29/8/2021,6.752010489,3800,0.003319266459,6.564201089,3.923577756,24.77797513,2.217567067
30/8/2021,7.364906356,3838,0.003319266459,6.445814344,3.909149546,24.07158837,2.222875412
31/8/2021,6.635345004,3559,0.003067786723,6.649556448,4.016526614,24.76614699,2.224737215
1/9/2021,6.655204295,4103,0.003525275283,6.810772426,4.016526614,24.55595027,2.224541891
2/9/2021,6.338605741,3787,0.003247127588,6.926373285,4.117633998,24.54342984,2.222216532
3/9/2021,6.213604359,3980,0.003187320551,6.634755145,4.032654667,24.92211837,2.22141315
4/9/2021,6.470608551,3747,0.003063650551,6.389229152,3.985951067,24.29906542,2.219527604
5/9/2021,6.324062243,3613,0.003063650551,6.531553477,3.999263806,25.01112595,2.217567067
6/9/2021,6.338647398,3316,0.002809406059,6.331582083,3.940854682,24.6105919,2.219629517
7/9/2021,6.445644812,3902,0.003284013837,6.319536189,3.980827392,23.94303516,2.219326195
8/9/2021,6.4311838,4062,0.003413055315,6.279536189,3.980827392,23.31261101,2.218811286
9/9/2021,6.034877634,3689,0.003089102671,6.318897638,3.95888014,23.31261101,2.218907128
10/9/2021,5.507984995,3480,0.002905115424,6.25511083,3.934930275,23.53463592,2.219305175
11/9/2021,5.455772425,3153,0.002480650167,6.279551551,3.893863649,24.77797513,2.218311028
12/9/2021,5.620978968,2988,0.002480650167,5.991495941,3.707548733,24.77797513,2.218370396
13/9/2021,5.44085704,2580,0.002136631807,6.637451778,4.1013508,24.6105919,2.220097481
14/9/2021,4.783811891,2714,0.002482499241,7.430480723,4.520714028,23.54250111,2.221124678
15/9/2021,5.304871605,3012,0.002482499241,7.299460702,4.527232603,24.55595027,2.221050632
16/9/2021,5.081039808,2928,0.00240827016,8.289083302,5.090909091,24.0667545,2.22129413
17/9/2021,4.401072095,2512,0.002556271165,8.142828084,5.287205245,23.40799297,2.223001191
18/9/2021,2.556271165,2580,0.002556271165,8.142828084,5.111131131,22.70531401,2.222334601
19/9/2021,2.556271165,1927,0.002556271165,7.948339715,5.16445923,22.70531401,2.222334601
20/9/2021,2.97662963,1897,0.001899671668,8.081434157,5.23982073,10.70336391,2.225497901
21/9/2021,4.562075911,2333,0.001899966123,7.918058986,5.047863496,22.71078876,2.225097908
22/9/2021,4.895017757,2357,0.00191527016,7.823516034,4.992040027,21.93577567,2.225548928
23/9/2021,4.230128059,2233,0.001675275271,7.650282517,4.877519128,21.94016319,2.225573116
24/9/2021,4.582054362,2060,0.001675275271,8.652626725,5.539756351,22.6146789,2.225262109
25/9/2021,3.981034174,1780,0.001439666667,8.741369106,5.600710199,22.51716447,2.225455086
26/9/2021,2.556624204,1757,0.001439666667,8.440109771,5.466821978,21.73913043,2.224801392
27/9/2021,1.480721772,1400,0.001123966966,8.443403778,5.539545309,21.46453089,2.225595394
28/9/2021,1.87762963,1560,0.001251668317,8.563889003,5.529519126,21.05742935,2.226624204
29/9/2021,1.242341729,219,0.001399666661,8.264341863,5.393878575,20.78574692,2.227001744
30/9/2021,2.876715122,1411,0.001133298673,7.987459253,5.203164255,19.78122151,2.228973365
1/10/2021,3.21260329,1664,0.001334897131,7.866365535,5.183875229,19.64367291,2.229687182
2/10/2021,1.873980726,1656,0.001326702416,7.750037632,5.145904565,19.64448496,2.229533275
3/10/2021,2.842697701,1490,0.001194270193,7.717612077,5.140025105,19.27985415,2.229036207
4/10/2021,1.651343706,1308,0.001043741241,7.107318989,4.831801553,18.68732908,2.23101953
5/10/2021,2.607741464,1212,0.0009675440532,7.165164629,4.831801553,17.50227894,2.231973382
6/10/2021,2.842697701,1453,0.001158814165,6.845365469,4.626647145,17.00091158,2.233054334
7/10/2021,1.999167014,912,0.0007265074033,6.568456745,4.563782991,16.40838651,2.233502861
8/10/2021,2.143322037,955,0.0007602095522,6.329581104,4.338900166,15.81586144,2.234112957
9/10/2021,2.556256256,767,0.000638122694,6.177569874,4.235913589,15.44151641,2.234703464
10/10/2021,2.842697701,1004,0.0007981006732,6.064406218,4.240115467,16.22746186,2.234261162
11/10/2021,1.622092476,689,0.0005477227232,5.678497077,4.376394743,15.67267684,2.23491007
12/10/2021,2.342925329,1021,0.0008137751022,5.699885564,4.831801553,14.97919556,2.234765827
13/10/2021,2.842697701,1016,0.0008059270163,5.681113399,4.969336873,15.58021267,2.235185928
14/10/2021,2.026497481,1086,0.0008607527013,5.549020099,4.862037895,15.44151641,2.235401351
15/10/2021,1.698073742,893,0.0007071107708,7.803811077,5.405205012,13.38930623,2.235720888
16/10/2021,1.606031541,720,0.0005696316933,7.798147654,5.377901437,12.54971277,2.235792291
17/10/2021,1.661570849,663,0.0005243671732,7.692307692,5.195206803,11.97525409,2.235490065
18/10/2021,2.384495059,625,0.0004920547233,7.854818087,5.23982073,12.26458429,2.235836299
19/10/2021,1.315102312,554,0.0004375824133,5.49792077,5.162262084,12.64464428,2.236005215
20/10/2021,1.402986421,622,0.0004912351623,5.143962183,4.777521357,10.70280202,2.23613977
21/10/2021,1.446428571,567,0.0004475752722,5.678497077,4.90236298,10.42719339,2.236401811
22/10/2021,1.440866017,552,0.0004353966623,5.610012253,4.779304904,10.19283747,2.236453474
23/10/2021,1.556624017,591,0.0004661066852,5.080953008,3.250919126,10.00918274,2.236830488
24/10/2021,2.842697701,698,0.0005502457054,5.607189829,3.748355984,10.28466483,2.236309459
25/10/2021,1.358798936,572,0.0004536524123,5.042871033,3.301511732,11.53347732,2.236574619
26/10/2021,2.556624204,516,0.0004556966824,5.610012253,3.697706984,11.44604631,2.235889798
27/10/2021,1.425916949,706,0.0005582751913,5.49792077,3.99551952,5.93220339,2.235355948
28/10/2021,1.461424168,659,0.0005184716802,5.499344088,3.186949951,5.790960452,2.235534373
29/10/2021,1.440140074,658,0.0005174251716,5.610012253,3.99551952,5.838041431,2.235164205
30/10/2021,1.520999336,733,0.0005761966847,5.062349595,3.12291472,6.403013183,2.234741312
31/10/2021,1.186578371,482,0.0003769669663,5.080953008,3.28199728,5.27306968,2.234366657
1/11/2021,1.162968241,457,0.0004431024124,5.241241241,3.241241241,7.627118644,2.234350091
2/11/2021,1.277496242,561,0.0004551001029,5.274849726,3.961010191,7.721280603,2.234229682
3/11/2021,1.321154416,580,0.0004551001029,5.797935953,3.818044913,6.789250354,2.234703464
4/11/2021,1.16653076,515,0.0004038701602,5.49839093,3.720153028,6.754221388,2.234663585
5/11/2021,1.208491411,567,0.0005044715023,5.510102526,3.697706984,6.880301602,2.23453269
6/11/2021,1.086555027,471,0.0003690527233,5.607189829,3.748355984,6.691800189,2.234703464
7/11/2021,1.076506242,449,0.0003516874523,5.621783311,3.68627106,6.364922207,2.235010104
8/11/2021,0.9439973568,400,0.0003131949013,5.49792077,3.541256292,5.790960452,2.235354895
9/11/2021,1.201010198,554,0.0004933901024,5.274849726,3.47551952,6.120527307,2.2350119
10/11/2021,1.303138169,637,0.0004981001024,5.143962183,3.34336055,5.93220339,2.234602358
11/11/2021,1.014951718,391,0.0003057601616,5.139305615,3.33951952,5.93220339,2.234622928
12/11/2021,0.6821800684,231,0.0001819666673,5.028150715,3.183196189,5.838041431,2.235079215
13/11/2021,0.7788669411,263,0.000205669441,5.062349595,3.250929775,6.403013183,2.235479464
14/11/2021,0.7392348919,240,0.0001875533355,5.080953008,3.28199728,5.27306968,2.235529095
15/11/2021,0.6460296097,216,0.0001687657423,5.042871033,3.301511732,5.461393597,2.235620565
16/11/2021,0.8435918265,270,0.0002109274575,5.016304105,3.225085987,5.790960452,2.235930151
17/11/2021,1.118377866,460,0.0003591024146,5.039776004,3.186525043,5.696798493,2.235907878
18/11/2021,1.041277433,418,0.0003263529202,5.009334163,3.186949951,5.555555556,2.235958915
19/11/2021,0.8137755102,319,0.000248977553,5.469082255,3.114017527,5.838041431,2.235948928
20/11/2021,0.782128069,313,0.0002442337829,5.49792077,3.12291472,6.403013183,2.235792653
21/11/2021,0.866803058,322,0.0002511901084,5.795674142,3.000620512,6.261770245,2.235463405
22/11/2021,0.891966967,315,0.0002456752323,7.139012078,4.609070078,6.120527307,2.235304208
23/11/2021,0.9201322416,350,0.0002751951969,7.287848886,4.757541584,5.838041431,2.23551952
24/11/2021,0.8802133851,363,0.0002851951969,7.608213916,4.963805584,5.555555556,2.235776634
25/11/2021,0.7163975438,252,0.00019638052,7.398621079,4.588924309,5.037664783,2.235883052
26/11/2021,0.9215659895,411,0.0003202263908,7.216949901,4.391966453,5.27306968,2.235712517
27/11/2021,0.8193839747,303,0.0002360002619,7.131709104,4.87751952,5.084745763,2.235574359
28/11/2021,0.5960040637,176,0.0001370551476,7.031591077,4.229145436,0.0583090379,2.235968747
29/11/2021,1.115625807,475,0.000369629324,6.860766078,4.064571923,0.0583090379,2.235920426
30/11/2021,0.976852835,414,0.0003231731773,6.524004723,3.821302022,0.0583090379,2.235900452
1/12/2021,0.8541582414,377,0.0002842010241,6.669960474,4.009034444,0.0583090379,2.235867057
2/12/2021,0.8416385044,391,0.0003041001058,7.677067077,4.68878983,0.1166180758,2.235809341
3/12/2021,0.9153852689,431,0.0003041001058,7.207644963,4.397473373,0.1166180758,2.235682143
4/12/2021,0.8210651776,372,0.0002891901082,7.099261163,4.296498554,0.1166180758,2.235502108
5/12/2021,0.782414307,336,0.0002617148511,7.483221078,4.42114094,0.1166180758,2.235695457
6/12/2021,0.5649992694,232,0.0001802466323,7.196008794,4.380179266,4.61393597,2.235836299
7/12/2021,0.7125945337,310,0.0002407929029,6.923336711,4.213103681,4.284369115,2.235996965
8/12/2021,0.7709818744,359,0.0002778516694,8.230745752,4.924203886,4.096045198,2.236165748
9/12/2021,0.7282795849,313,0.0002430024229,8.36056932,5.071164997,4.143126177,2.236321045
10/12/2021,0.7766570322,395,0.0003065898976,8.348228367,4.804962675,4.001883239,2.236489155
11/12/2021,0.6260053037,288,0.0002246301623,8.477736346,4.858519077,4.378531073,2.236532514
12/12/2021,0.6194937416,244,0.0001904569185,8.465959328,4.818744474,4.331450094,2.236574619
13/12/2021,0.6766998701,250,0.0001940469169,8.475877193,4.725877193,4.096045198,2.236305732
14/12/2021,0.829429039,370,0.0002869729029,7.9961257,4.380111078,4.001883239,2.236042276
15/12/2021,0.7040447605,302,0.0002346519672,7.882763723,4.359327055,4.002259887,2.235985658
16/12/2021,0.6606721206,277,0.0002149628154,7.566376325,4.2345898,4.001883239,2.236590569
17/12/2021,0.7452560382,357,0.000276635192,7.897534078,4.25170068,4.096045198,2.236514291
18/12/2021,0.6074108818,259,0.0002064068407,7.541462078,4.05757797,4.378531073,2.236220546
19/12/2021,0.8325239351,360,0.000278835194,7.488527326,4.171881519,4.001883239,2.236061781
20/12/2021,0.6352044417,270,0.0002090645752,7.366328346,4.110448698,4.001883239,2.235904058
21/12/2021,0.6597007938,310,0.0002398760829,7.436460621,4.2345898,4.001883239,2.235141565
22/12/2021,0.7709818744,359,0.0002778536669,8.230745752,4.924203886,4.096045198,2.235675167
23/12/2021,0.7282795849,322,0.0002491426592,8.36056932,5.071164997,4.143126177,2.235427716
24/12/2021,0.733156102,353,0.0002730659505,8.348228367,5.51951952,4.001883239,2.235358806
25/12/2021,0.6878001921,358,0.00027685519,7.566376325,4.05757797,4.001883239,2.234894726
26/12/2021,0.6923997056,301,0.0002327162429,7.488527326,4.171881519,4.001883239,2.234629349
27/12/2021,0.6950249588,291,0.0002249271132,7.150781644,4.110448698,4.001883239,2.234258685
28/12/2021,0.8757140341,348,0.0002689424168,7.436460621,4.2345898,4.001883239,2.234121536
29/12/2021,0.9514034187,482,0.0003723796624,6.933759616,3.87651952,4.001883239,2.233521966
30/12/2021,1.076145102,515,0.0004271252723,6.892800633,3.827364328,4.001883239,2.2330968
31/12/2021,1.087190317,556,0.0004491052323,6.38256088,3.731364328,4.001883239,2.232599988
1/1/2022,1.303060217,594,0.0004583570293,6.731679606,3.683014581,4.048832815,2.232194162
2/1/2022,1.551168854,708,0.0005460774523,6.337648328,3.505933118,3.727317312,2.231130057
3/1/2022,1.425403864,630,0.0004856524112,5.903545402,3.299762548,3.334968122,2.230201138
4/1/2022,1.807823163,898,0.0006919551923,5.419285605,3.012417599,3.091265947,2.229044098
5/1/2022,2.329075883,1085,0.0008354103097,4.88860508,2.674897328,2.938295788,2.227568146
6/1/2022,2.528106364,1293,0.0009947305321,4.752501316,2.619799895,3.574926543,2.225815649
7/1/2022,2.89017341,1345,0.001036708053,4.564264849,2.30647517,3.281096964,2.223593958
8/1/2022,3.165653067,1572,0.001264510168,4.355420329,2.16362407,3.281096964,2.221450273
9/1/2022,3.664281587,1649,0.001264512322,4.074523671,1.979205151,3.54679803,2.218874525
10/1/2022,3.369315572,1467,0.001123452322,3.807995331,1.862659274,3.770812929,2.216537355
11/1/2022,4.700815956,2074,0.001586622245,3.473956091,1.721911322,3.507062835,2.21401904
12/1/2022,6.12746093,3019,0.00230527016,2.796276676,1.502194642,3.701899659,2.20930649
13/1/2022,7.36238106,3567,0.002717244245,2.767501423,1.497581104,3.799318071,2.203849422
14/1/2022,8.160389932,4286,0.003050480537,2.659186714,1.413584355,4.178814383,2.190995411
15/1/2022,7.859708095,4027,0.003050480537,2.423433939,1.356233672,4.616132167,2.184364619
16/1/2022,8.713284748,4340,0.003789272449,2.311877837,1.276296984,4.682926829,2.176868606
17/1/2022,9.452988564,5034,0.003789272449,2.281011696,1.238902431,4.944255938,2.168569963
18/1/2022,9.488633408,5472,0.004084302244,2.047207108,1.074490155,5.609756098,2.157971349
19/1/2022,11.55014166,6808,0.005705152244,1.921118495,0.9976698024,4.914841849,2.147428959
20/1/2022,12.93834151,7678,0.005705152244,1.883367012,1.034036373,5.609756098,2.137984837
21/1/2022,11.10318835,6540,0.005577860532,1.764797973,0.9336350569,5.056455572,2.12758801
22/1/2022,13.00442281,7586,0.005257360537,1.651177361,0.8849788545,5.263157895,2.117042905
23/1/2022,12.52722363,7190,0.004623967452,1.56422995,0.8753252898,5.132316773,2.108529691
24/1/2022,12.81782438,6357,0.004622072442,1.678924175,0.9529592666,7.469287469,2.10170895
25/1/2022,10.17566535,5196,0.00376244244,1.737748821,1.010272604,7.469287469,2.092135159
26/1/2022,11.91522316,7539,0.005870455053,1.736731528,0.9925582674,7.616707617,2.082064376
27/1/2022,11.92439963,8183,0.005679450536,1.959179219,1.132940406,7.960687961,2.072221005
28/1/2022,11.31284718,7963,0.005657945053,1.639918004,0.8819559022,6.689621249,2.062636505
29/1/2022,12.46250937,7978,0.005250107972,1.52434043,0.8332932866,6.531420089,2.0539087
30/1/2022,11.53953207,7048,0.004623967452,1.678697002,0.9529592666,6.935563207,2.048496678
31/1/2022,9.650012681,5327,0.003737587457,1.737924175,1.269388607,7.469287469,2.041891851
1/2/2022,9.882333715,6047,0.004057229745,1.737924175,1.010272604,7.469287469,2.036521772
2/2/2022,9.751446827,5830,0.004051722245,1.737924175,0.9929240534,7.665847666,2.03083809
3/2/2022,9.945259743,6377,0.004423150537,1.959179219,0.9925582674,7.96460177,2.024195766
4/2/2022,9.677826313,6137,0.004236310537,2.003370155,1.161932663,7.469287469,2.019355064
5/2/2022,8.695652174,4874,0.003350288698,2.055117051,1.188447394,7.665847666,2.017345232
6/2/2022,7.454387101,3338,0.002286657023,2.077597283,1.195392745,7.82480315,2.015883671
7/2/2022,5.345232863,2797,0.002901317452,2.170132851,1.269388607,7.96460177,2.013452948
8/2/2022,8.2185163,4253,0.002662297449,2.205031298,1.253100272,8.296514482,2.011295219
9/2/2022,7.163512574,3914,0.002662297449,2.19988345,0.9925580534,8.263649779,2.009173151
10/2/2022,6.02303838,3498,0.002043275462,2.289968096,1.375398795,7.858546169,2.008048053
11/2/2022,5.366157128,3019,0.002165350532,2.237301944,1.306155769,7.312252964,2.006472579
12/2/2022,5.797049038,3206,0.00207516016,2.201229139,1.287856052,7.923228346,2.004963801
13/2/2022,5.627074217,2662,0.001797037452,2.251840064,1.315562628,7.627952756,2.003280146
14/2/2022,5.406249349,2597,0.001745527745,2.268961645,1.304961043,7.82480315,2.00325461
15/2/2022,4.974471778,2465,0.001655524053,2.272120505,1.339103798,7.752698724,2.002083929
16/2/2022,5.553727964,2870,0.001924336695,2.272120505,1.339103798,7.752698724,2.002083929
17/2/2022,4.923682915,2400,0.001606110716,2.289968096,1.375398795,7.858546169,2.001078377
18/2/2022,4.15027208,1983,0.001324927742,2.203730273,1.331420373,7.858546169,2.000165479
19/2/2022,3.296835519,1644,0.001096968257,2.126873393,1.353867983,8.00589391,2.000173296
20/2/2022,2.842697701,1360,0.0009064728567,2.058458447,1.24719234,8.00589391,2.000426189
21/2/2022,2.51973046,961,0.0006398570232,2.029383786,1.226086037,7.177734375,2.000011979
22/2/2022,2.951322329,1232,0.0008196628733,2.019856214,1.223117861,7.358674464,2.001232817
23/2/2022,3.43192754,1455,0.0009676601623,2.037110775,1.272596958,7.094266278,2.000494244
24/2/2022,2.727140149,1122,0.0007453525079,2.036457314,1.027002701,6.997084548,2.000663812
25/2/2022,2.250815851,1207,0.0008012296627,3.187143932,1.940234333,6.316812439,1.999990714
26/2/2022,2.556624204,847,0.0005617988723,3.18995734,1.940059234,6.705539359,2.000193569
27/2/2022,2.842697701,856,0.0005674509409,3.083737256,1.938826676,6.656948494,2.000193393
28/2/2022,2.291966967,861,0.0005002048152,3.012942924,1.854761685,7.094266278,2.000127005
1/3/2022,2.230580826,765,0.0005002048152,3.373073568,1.756608395,5.767350929,2.000127005
2/3/2022,2.176809047,768,0.000508480488,3.634577603,2.270246671,5.642787046,2.000426189
3/3/2022,2.598287802,953,0.0006303935671,3.337682105,2.000434877,5.250245339,1.999594105
4/3/2022,2.10665608,796,0.000526208975,3.012942924,1.912669333,4.906771344,1.999203173
5/3/2022,2.004726375,755,0.0004992504823,3.012942924,1.823646618,4.906771344,1.998668655
6/3/2022,2.015032784,756,0.0004992544203,3.006276151,1.879648411,5.642787046,1.998133351
7/3/2022,1.29381161,378,0.0002495069602,3.342128408,1.778436458,4.715127701,1.998228841
8/3/2022,2.072793896,758,0.0005002075886,5.501381967,2.61739372,4.26889107,1.997625565
9/3/2022,1.76319638,639,0.000421462287,5.116571555,2.498753394,4.027504912,1.997047711
10/3/2022,1.828528073,723,0.0004768301637,3.798532131,2.109893387,4.230201672,1.99655766
11/3/2022,1.548054765,571,0.0004011650741,3.68289638,2.109893387,4.199604743,1.99640566
12/3/2022,1.709377719,609,0.0004255651329,3.296445928,2.078576029,3.918650794,1.99627566
13/3/2022,1.480721772,462,0.0002939503795,3.340176441,2.092983359,3.918650794,1.996123602
14/3/2022,1.37496003,473,0.000293751712,3.217574614,2.052590702,3.574975174,1.995765821
15/3/2022,1.420831172,493,0.001337651929,3.449063078,2.15851952,3.832752613,1.994382022
16/3/2021,2.704901363,514,0.001337651929,3.333905187,2.092983359,3.583872573,1.993839412
17/3/2022,1.084753191,396,0.001084753191,3.296445928,2.078576029,3.569657908,1.99378053
18/3/2022,1.236337574,483,0.001337659867,3.373373702,2.202138493,3.427719821,1.993279058
19/3/2022,1.128668172,375,0.001337659867,3.379746835,2.17721519,3.179334327,1.992853613
20/3/2022,2.015027528,303,0.0001337659867,3.354510801,2.10292249,3.129657228,1.992588315
21/3/2022,0.82188818,228,0.0001447126672,3.217789405,1.9882276,3.308641975,2.235836299
22/3/2022,1.284951966,443,0.0002196679582,5.975351077,3.610108303,2.777777778,1.991966242
23/3/2022,0.6987422639,210,0.0001333365702,5.816693538,3.571871512,2.48015873,1.991567043
24/3/2022,1.104397449,329,0.0002160160163,5.582844136,3.306577213,2.678571429,1.99133366
25/3/2022,0.6213630536,189,0.0001240966838,5.829761078,3.34351952,2.23769269,1.99134966
26/3/2022,0.9699017583,310,0.0002651936155,5.389003466,3.179997573,2.385685885,1.991272393
27/3/2022,0.6605348201,186,0.0001255662471,5.244166466,3.163338946,2.385685885,1.991094393
28/3/2022,0.9946017895,269,0.0001719666242,5.24897481,3.222026948,2.837232232,1.990809228
29/3/2022,0.7056598283,194,0.0001229669663,5.179839367,3.10790362,4.001883239,2.291966624
30/3/2022,0.823628692,244,0.0001949666242,5.193611398,3.148339653,4.001883239,2.291966624
31/3/2022,0.6140201262,180,0.0001184727054,4.867663982,3.060989643,4.932405567,2.291966624
1/4/2022,0.7129147244,208,0.0001363958575,4.373937677,2.742209632,2.186878728,1.990583413
2/4/2022,0.9447409421,285,0.0001868630674,4.259341637,2.613434164,2.385685885,1.990277069
3/4/2022,0.6619385343,154,0.000101592758,3.892809881,2.415086017,2.385685885,1.989873998
4/4/2022,0.6740888928,155,0.0001015980338,3.634577603,2.270246671,2.068617558,1.989681
5/4/2022,0.5603301405,148,0.0000971998853,3.528247967,2.187293911,2.169525732,1.989459358
6/3/2022,2.015032784,756,0.0004992544203,3.337682105,2.000434877,5.250245339,1.989459358
7/4/2022,0.522164204,141,0.00009237279491,3.231052803,1.919115255,2.119071645,1.989275563
8/4/2022,0.9242072699,239,0.001566945982,2.996493465,1.891403677,2.248339295,1.98823057
9/4/2022,0.3788177729,96,0.00006241101354,3.046766805,1.928198572,2.385685885,1.988712659
10/4/2022,0.4350721421,98,0.00006419628329,3.012942924,1.909611712,2.043944813,1.988712659
11/4/2022,0.2892195736,62,0.00004061137233,3.012942924,1.860514565,1.890648952,1.988697397
12/4/2022,0.4745348619,101,0.00006615195182,3.012942924,1.788375559,1.686254471,1.988565845
13/4/2022,0.4961277832,123,0.00008055911059,3.012942924,1.736184628,1.547189273,1.98840566
14/4/2022,0.5074466768,123,0.00008055263034,3.595766077,2.261852374,1.58405723,1.98831066
15/4/2022,0.2996490951,76,0.0000497683471,3.800719077,2.311248074,1.547189273,1.988212037
16/4/2022,0.4140875133,97,0.00006351696722,6.709362611,4.117108875,1.466736511,1.988085759
17/4/2022,0.3488216091,78,0.00005107225745,6.727272727,4.03030303,1.519119958,1.988049703
18/4/2022,0.4579001239,85,0.00005565282068,6.766467066,4.131736527,1.414353064,1.987939077
19/4/2022,0.3524767365,75,0.00004910269731,6.86333534,4.18422637,1.572327044,1.987865172
20/4/2022,0.4702337473,103,0.00006743105992,6.207102358,3.031647145,1.356483993,1.987969393
21/4/2022,0.3767720058,80,0.0000523701074,6.086698337,3.830166271,1.518438178,1.987865172
22/4/2022,0.4131814975,82,0.00005367654904,5.703309374,3.398345154,1.196302338,1.987823932
23/4/2022,0.5395128969,105,0.00006886538896,5.823293374,3.069420539,1.117615753,1.987687321
24/4/2022,2.556624204,100,0.00006545119435,5.919907139,3.221125943,1.170835551,1.987557233
25/4/2022,0.4415780605,76,0.00004967966058,5.76796677,3.166966242,1.175213675,1.987469908
26/4/2022,0.4419662418,66,0.00004315703329,5.179839367,3.10790362,4.001883239,1.987399374
27/4/2022,0.5381576687,94,0.00006151965904,5.193611398,3.148339653,4.001883239,2.287232454
28/4/2022,0.4185735015,75,0.0000490751973,5.193611398,3.148339653,4.001883239,1.987179613
29/4/2022,0.347314988,65,0.00004252960879,4.266211604,2.531285552,4.001883239,1.987096403
30/4/2022,0.3388438238,66,0.00004318210733,3.523974614,2.166377816,0.6889242183,1.987010599
1/5/2022,0.2474481905,40,0.00002616984579,3.373073568,2.09363187,0.741918389,1.987024024
2/5/2022,0.4367641474,46,0.00003009452953,3.409090909,2.03962704,0.741918389,1.986962927
3/5/2022,0.4015650741,39,0.00002551414269,3.342128408,2.022867194,0.5829358771,1.986912233
4/5/2022,0.6782945736,21,0.00001373803401,3.361840165,2.005308169,0.5299417064,1.986884937
5/5/2022,0.6138499904,32,0.00002093385947,3.150074294,2.000434877,0.6359300477,1.986843345
6/5/2022,0.464516129,36,0.00002355009891,3.373134328,2.119402985,0.7949125596,1.986796555
7/5/2022,0.4173849923,46,0.0000300910844,3.212851406,2.853681166,0.7949125596,1.986933013
8/5/2022,0.4852160728,64,0.00004186459681,3.182941904,1.915945612,0.8479067303,1.986849834
9/5/2022,0.2852148312,31,0.00002027731518,3.520691785,1.852995676,0.6907545165,1.986809547
10/5/2022,0.4294079375,66,0.00004317403733,3.270009343,2.024291498,0.5299417064,1.986789186
11/5/2022,0.4570383912,90,0.00005886588977,3.484373702,2.177971375,0.5829358771,1.986672239
12/5/2022,0.5119735756,93,0.0000608245056,3.735456374,2.327005511,0.5829358771,1.986551408
13/5/2022,0.5217604812,85,0.0000555889089,3.828760929,2.381670184,0.5829358771,1.986440984
14/5/2022,0.4846247043,84,0.0000549318623,3.68289638,2.403245943,0.7949125596,1.986331871
15/5/2022,0.6832339741,102,0.00006669931882,3.769537374,2.390438247,0.6359300477,1.986199392
16/5/2022,0.3652198342,52,0.00003308131732,3.707136237,2.286067346,0.2149382053,1.986262632
17/5/2022,0.4047589844,66,0.00004315403733,3.210723192,1.620947631,0.5376344086,1.98617692
18/5/2022,0.5131753285,89,0.00005819005395,3.337682105,1.652892562,0.4301075269,1.986126729
19/5/2022,0.5843734218,81,0.00005295540576,3.337682105,1.386021822,0.4838709677,1.986021557
20/5/2022,0.3728759388,70,0.00004576237169,3.373702374,1.556886228,0.4838709677,1.985930676
21/5/2022,0.5566242038,76,0.0000496825871,3.528247967,1.759093393,0.7949125596,1.985832015
22/5/2022,0.5566242038,49,0.00003203570295,2.75862069,1.859070465,0.5913978495,1.985767111
23/5/2022,0.4738612045,62,0.00004052719342,2.419354839,1.672640382,0.5913978495,1.985687935
24/5/2022,0.5566242038,92,0.00006613327329,2.656434475,1.652892562,0.5376344086,1.985568533
25/5/2022,0.4415780605,76,0.00004967966508,2.757966967,1.485442662,0.4301075269,1.985469908
26/5/2022,0.5566242038,79,0.00005163624968,2.241226777,0.7898565787,0.4836109618,1.985367393
27/5/2022,0.5483458234,90,0.00005881519517,2.325581395,1.627906977,0.4838709677,1.985250631
28/5/2022,0.3277399056,50,0.00003256480395,3.702373702,1.0022779,0.284738041,1.985185766
29/5/2022,0.3730763252,48,0.0000313696631,3.702373702,1.627700503,0.284738041,1.985123499
30/5/2022,0.5476190476,54,0.0000352857057,3.707136237,1.74246899,0.5376344086,1.985053454
31/5/2022,0.4694835681,66,0.00004312624733,2.157210402,1.507092199,0.3224073079,1.984967849
1/6/2022,0.4338816216,67,0.00004377788798,2.264705882,1.5,0.2149382053,1.984880955
2/6/2022,0.2459856508,36,0.00002352141555,2.884615385,1.923076923,0.1665741255,1.984834269
3/6/2022,0.4910667642,94,0.00006141559015,2.482373702,1.778436458,0.111049417,1.984712377
4/6/2022,0.3905140585,55,0.0000359440487,2.526941657,1.783723523,0.111049417,1.98456457
5/6/2022,0.4051641258,59,0.00003854433088,2.395871729,1.621820863,0.111049417,1.984416786
6/6/2022,0.4419694157,50,0.0000326634282,2.346901357,1.466813348,0.0555247085,1.98449975
7/6/2022,0.4743200178,64,0.0000418078225,2.383023134,1.408940685,0.0555247085,1.984416306
8/6/2022,0.5863750165,89,0.00005813657261,2.177241027,1.111509502,0.0555247085,1.984301425
9/6/2022,0.4759071981,72,0.00004702909991,2.002004582,1.317296678,0.0555247085,1.98433874
10/6/2022,0.5566242038,73,0.0000476800325,1.980898479,1.344181111,0.0555247085,1.984244131
11/6/2022,0.5566242038,67,0.00004379958431,1.832276251,1.162790698,0.0555247085,1.984157306
12/6/2022,2.556624204,94,0.00006139060162,2.007042254,1.232394366,0.0555247085,1.984035505
13/6/2022,2.704901363,58,0.00003787698209,1.971136924,1.372756072,0.0555247085,1.983960359
14/6/2022,2.704901363,106,0.00006922082816,2.167182663,1.513587891,0.0555247085,1.983823037
15/6/2022,2.704901363,144,0.0000940293302,2.079141516,1.475519785,0,1.983701809
16/6/2022,2.704901363,98,0.00006398616854,2.144450163,0.9092468691,0,1.983640175
17/6/2022,2.704901363,151,0.00009858462511,2.704901363,1.365946633,0.05567928731,1.983444638
18/6/2022,2.704901363,152,0.00009922772109,2.704901363,1.315377388,0.05567928731,1.983247845
19/6/2022,2.704901363,171,0.0001116201104,2.704901363,1.24666073,0.05567928731,1.983026499
20/6/2022,1.201360834,113,0.00007375242551,1.855123675,1.295641932,0.05567928731,1.98294552
21/6/2022,1.533834328,204,0.0001331361526,2.004581901,1.317296678,0.05567928731,1.982681553
22/6/2022,2.556624204,328,0.001732883289,2.134062927,1.23119015,0.05567928731,1.982400123
23/6/2022,2.704901363,309,0.001961600013,2.383023134,1.408940685,0.1113585746,1.982000552
24/6/2022,3.1882146,435,0.002837486391,2.383023134,1.408940685,0.1113585746,1.981503532
25/6/2022,2.556624204,406,0.002647569389,2.383023134,1.363637364,0.111049417,1.981109442
26/6/2022,2.704901363,382,0.002490403471,2.137305699,1.187392054,0.111049417,1.980746544
27/6/2022,2.704901363,333,0.002170457022,2.058460272,1.193906958,0.111049417,1.98044706
28/6/2022,3.49890053,541,0.003523317133,2.383023134,1.408940685,0.2222222222,1.979814271
29/6/2022,4.693877551,641,0.004183170225,2.575991757,1.249356002,0.2777777778,1.979118171
30/6/2022,3.934240363,694,0.004418517506,1.913951281,1.15469788,0.3333333333,1.978224239
1/7/2022,4.468724392,818,0.005323860593,2.040816327,1.063524001,0.2779321845,1.977431817
2/7/2022,3.879438973,650,0.004228200536,2.173333333,1.12,0.2777777778,1.976726116
3/7/2022,4.613176599,675,0.00438996789,2.25554274,1.140586954,0.2779321845,1.975988904
4/7/2022,3.44591029,653,0.004244405731,2.181469495,1.222581805,0.4446914953,1.975150639
5/7/2022,4.693877551,805,0.005262062418,2.155026515,1.173417579,0.5558643691,1.974183159
6/7/2022,3.770810811,872,0.004462046301,2.059344553,1.162533215,0.3891050584,1.973650055
7/7/2022,3.278610967,693,0.00449722303,2.575991757,1.144874813,0.4446914953,1.97276286
8/7/2022,3.243530663,732,0.004730486613,2.575991757,1.031246777,0.5558643691,1.972280448
9/7/2022,2.556624204,551,0.004497226023,2.575991757,1.088912314,0.7299270073,1.971703549
10/7/2022,2.842697701,371,0.002405995565,1.639182384,0.9183371186,0.673778776,1.971359145
11/7/2022,5.455712452,255,0.001652357023,1.740567872,0.923765072,0.84222347,1.971098247
12/7/2022,1.553551445,236,0.001529131732,1.84573538,0.9908684671,0.8983717013,1.970796915
13/7/2022,2.241765822,390,0.002526330533,2.078023917,1.107625956,1.122964627,1.970428674
14/7/2022,3.525046382,779,0.005044930643,2.317640973,1.231246767,1.066816395,1.96956457
15/7/2022,3.282704551,737,0.004773055192,2.299310207,1.269619114,1.082621083,1.969272415
16/7/2022,2.556624204,551,0.00438551551,2.10278078,1.05139039,1.13960114,1.968631245
17/7/2022,2.842697701,492,0.003167836065,2.142783558,1.102297311,1.253561254,1.968328308
18/7/2022,2.79554175,459,0.00296276257,2.182952183,1.081081081,1.082621083,1.967744375
19/7/2022,2.556624204,592,0.003826259385,2.315724329,1.147524033,1.083856246,1.967444009
20/7/2022,2.556624204,599,0.003870021547,2.575991757,1.089564174,1.206203331,1.966876648
21/7/2022,2.704901363,912,0.002704901363,2.575991757,1.006963042,1.206203331,1.966466396
22/7/2022,2.704901363,693,0.002704901363,3.153726551,1.442511667,0.9116809117,1.965716115
23/7/2022,2.556624204,551,0.002556624204,3.984048405,1.388888889,0.7415858528,1.965235071
24/7/2022,3.001701996,582,0.003754126245,3.575991757,1.347424042,0.9686609687,1.964626535
25/7/2022,2.76062207,371,0.002392162144,2.817085954,1.41509434,0.9686609687,1.964221135
26/7/2022,3.711685824,620,0.003995191314,2.859048633,1.436031332,1.024473534,1.963694147
27/7/2022,3.651105887,761,0.003756248589,2.575991757,1.19176598,1.138303927,1.963246743
28/7/2022,3.351387949,693,0.002704624551,2.648368846,1.19176598,1.206203331,1.962435421
29/7/2022,3.145144521,605,0.002389626551,2.575991757,1.262973615,1.369081574,1.961864434
30/7/2022,3.291832669,661,0.002425486551,2.606225296,1.235177866,1.138303927,1.96109459
31/7/2022,3.345061445,656,0.002421976624,2.249797054,0.9973327148,1.081388731,1.960331703
1/8/2022,2.836058458,392,0.002489999592,2.144987382,0.9291121817,0.8537279454,1.95996629
2/8/2022,3.370089264,706,0.004538327963,2.144315861,0.9757204447,1.024473534,1.959655475
3/8/2022,3.629087898,789,0.00506957005,2.13371266,0.9300798774,1.081388731,1.958919399
4/8/2022,3.596432339,750,0.00481650533,2.088912694,1.006963042,1.081388731,1.958104711
5/8/2022,3.245719797,673,0.00433200533,2.117246516,1.095861262,1.195219124,1.957259183
6/8/2022,2.910602911,644,0.004132052053,2.054368126,1.058310853,1.024473534,1.956450772
7/8/2022,3.228625778,628,0.004027703933,2.00371824,1.012187565,1.309049516,1.955855417
8/8/2022,2.528832292,421,0.00269901388,2.00371824,1.038453629,1.25213432,1.955327672
9/8/2022,2.556624204,352,0.002256048711,1.954022989,1.013584117,1.309049516,1.95488664
10/8/2022,3.099754127,353,0.002261947633,1.997734528,0.8958912573,1.479795105,1.954508618
11/8/2022,3.828455733,624,0.002399755273,1.998703544,0.8102852204,0.9211283823,1.95443202
12/8/2022,3.591160551,728,0.00266194788,2.166252073,0.9224709784,1.195219124,1.953713323
13/8/2022,3.704901363,551,0.002215851551,2.36997319,1.008042895,1.093839954,1.953242971
14/8/2022,2.556624204,459,0.002184399587,2.325078404,1.005731589,0.569476082,1.952797428
15/8/2022,2.916972215,358,0.002289958659,2.314211213,0.9452411995,0.3986332574,1.952861953
16/8/2022,2.556624204,526,0.002638605833,2.158041658,0.8911311311,0.569476082,1.952524915
17/8/2022,3.548613017,578,0.002375912133,2.101061036,0.882445635,1.195219124,1.951931514
18/8/2022,2.800351417,510,0.002325919662,2.131661442,0.9508881923,0.9675583381,1.95155109
19/8/2022,2.512309758,449,0.002868420903,2.047029183,0.9132899433,0.9675583381,1.951119195
20/8/2022,2.556624204,468,0.002658466851,2.055660974,0.9487666034,0.9675583381,1.950663885
21/8/2022,2.481507993,416,0.002656049054,1.971269791,0.8702946419,1.028571429,1.950337407
22/8/2022,1.922906513,217,0.00138511935,1.460087392,0.6927421933,0.9675583381,1.950194943
23/8/2022,1.759159653,278,0.001774238944,1.544317564,0.7065195195,0.9714285714,1.949976614
24/8/2022,1.915661913,313,0.001997259989,1.673271686,0.8366358432,1.081388731,1.94984242
25/8/2022,2.556624204,433,0.002762430943,1.492537313,0.795293605,0.5691519636,1.949686625
26/8/2022,1.750150875,290,0.001849661331,1.539307564,0.8136338737,0.9675583381,1.949453604
27/8/2022,1.600379349,270,0.001721737833,1.50468123,0.7690592956,0.8537279454,1.949309288
28/8/2022,1.498773128,226,0.001440971319,1.460017969,0.6850853549,0.8537279454,1.949092198
29/8/2022,1.341646279,170,0.001084691319,1.409571445,0.7161532341,0.796812749,1.948880995
30/8/2022,1.466882068,227,0.001446920672,1.498213668,0.7491068342,0.8547008547,1.948981439
31/8/2022,1.242341729,219,0.001399666661,1.531447276,0.7598784195,0.3986332574,1.948773175
1/9/2022,1.798587886,242,0.001542093743,0,0,0.5122367672,3.133342758
2/9/2022,1.458708665,251,0.001597130889,1.590191794,0.7768875941,0.4553215709,1.94854337
3/9/2022,1.197416102,228,0.001452425423,1.674350886,0.812909488,0.5691519636,1.948451481
4/9/2022,1.383327266,190,0.00121017875,1.678135941,0.7726669081,0.5122367672,1.948343084
5/9/2022,0.9937132417,98,0.0006264119813,2.22877745,1.081612586,0.3984063744,1.948221491
6/9/2022,1.032477328,158,0.0006261772833,2.150899009,1.1258612,0.569476082,1.948089161
7/9/2022,1.224662162,174,0.000110795422,2.177241027,0.969552645,0.5122367672,1.947873346
8/9/2022,1.028674296,160,0.0001018695611,2.144450163,0.9092468691,0.3986332574,1.947929585
9/9/2022,0.9069767442,156,0.00009931270515,2.225727305,0.9113214161,0.569476082,1.947799805
10/9/2022,0.8852375494,139,0.00008848137944,2.034677016,0.683994528,0.5125284738,1.947627477
11/9/2022,2.556624204,105,0.00006683253866,2.111426544,0.8516678495,0.284738041,1.947497321
12/9/2022,1.080668241,99,0.00006300932539,1.969208736,0.8592910849,0.4555808656,1.94743826
13/9/2022,0.6952218229,118,0.00007509729236,1.863241679,0.8507799433,0.4555808656,2.476672629
14/9/2022,0.6228373702,117,0.00007445628324,1.75153485,0.7403394727,0.2277904328,1.947401577
15/9/2022,0.6774037465,98,0.00006235073133,1.847313855,0.7917059378,0.2277904328,1.947280145
16/9/2022,0.6259780908,104,0.00006617342717,1.949541284,0.8600917431,0.2277904328,1.94721492
17/9/2022,0.6137898111,90,0.00005726167057,1.941370608,0.7765482431,0.284738041,1.947167046
18/9/2022,0.5409060176,72,0.00004580073135,1.817471175,0.7817080321,0.2277904328,1.947141474
19/9/2022,0.5230386052,42,0.00002671629893,1.666336044,0.7736560206,0.1708428246,1.947089449
20/9/2022,0.4300734815,52,0.00003308073273,1.855073073,0.7160730731,0.1138952164,1.947025041
21/9/2022,0.8676945142,121,0.00007690505273,1.714285714,0.7346935886,0.0569476082,1.947002403
22/9/2022,0.5671769226,93,0.00005915562035,1.832406835,0.8235536339,0.1708428246,1.946999186
23/9/2022,0.3990232863,67,0.00004261629812,1.802735184,0.828843763,0.1708428246,1.946995075
24/9/2022,0.8771929825,47,0.00002989310649,1.757322176,0.8158995816,0.1708428246,1.94693663
25/9/2022,1.019160212,25,0.00001585863992,1.380552221,0.4201680672,0.1708428246,1.946820486
26/9/2022,1.532091097,37,0.00002341346889,1.407644633,0.4692082111,0.1708428246,1.946723918
27/9/2022,0.8172950171,31,0.00001961448055,1.336432307,0.4067402673,0.1708428246,1.946644264
28/9/2022,0.6266726296,67,0.00004261629707,1.302545885,0.414446418,0.2277904328,1.946629629
29/9/2022,0.3592314119,43,0.00002734629566,1.439194051,0.6366727077,0.2277904328,1.946876871
30/9/2022,0.6400409626,75,0.0000476513437,1.469147432,0.6366307542,0.1708428246,1.946876871
1/10/2022,0.376048597,39,0.00002479854263,1.441133366,0.7083536883,0.1708428246,1.946891739
2/10/2022,0.4399230135,50,0.00003179221625,1.555987774,0.7224228952,0.1138952164,1.946829845
3/10/2022,0.2328966521,16,0.00001017318217,1.671343343,0.6916426513,0.0569476082,1.946810039
4/10/2022,0.1989554837,57,0.00003627343558,1.679212507,0.6948465547,0.1138952164,1.946803066
5/10/2022,0.4065384941,48,0.00003048403175,1.491525424,0.9491525424,0.1138952164,1.946743655
6/10/2022,0.4230683589,38,0.0000241594575,1.239669669,0.6887052342,0,1.946696624
7/10/2022,0.3730989489,51,0.00003242375087,1.506849315,0.8561643836,0,1.946633507
8/10/2022,0.4945379392,54,0.00003426672814,1.436388509,0.683994528,0.3416856492,1.946566681
9/10/2022,1.019160212,55,0.00003496667271,1.016949153,0.4406779661,0,1.946498623
10/10/2022,0.4693436523,34,0.00002161343592,0.9780775717,0.5059021922,0.1138952164,1.946456553
11/10/2022,0.4393436523,49,0.00003112727801,1.276302432,0.6898930666,0.1138952164,2.235968807
12/10/2022,0.4766726296,57,0.00003623271618,1.234144669,0.651354131,0.1138952164,1.946325405
13/10/2022,0.526360472,62,0.00003940959044,1.29477891,0.7495741056,0.1154734411,1.946248704
14/10/2022,0.3343239227,36,0.00002288208797,1.188455008,0.6451612903,0.1154734411,1.946204171
15/10/2022,0.4393436523,46,0.00002921227896,1.083643752,0.5418218761,0.1154734411,1.94614727
16/10/2022,0.3616980773,38,0.00002415205626,1.07925801,0.6070826307,0.1138952164,1.946163825
17/10/2022,0.4213439022,32,0.00002033160206,1.646655232,0.5831903945,0.2309468822,1.946124244
18/10/2022,0.6239364719,55,0.00003495343734,2.026098901,0.6181318681,0.2309468822,1.946246878
19/10/2022,0.5716100349,54,0.00003431861766,2.010906612,0.6134969325,0.2309468822,1.946180088
20/10/2022,0.4151291513,45,0.00002859110542,5.549020099,0.545516536,0.2309468822,1.946124433
21/10/2022,0.5172585298,52,0.00003304547757,5.699885564,4.101358412,0.2309468822,1.946060124
22/10/2022,0.5478533095,49,0.00003111379787,5.678497868,3.250929775,0.3416856492,1.946999186
23/10/2022,1.901343652,35,0.00002224072185,5.080953008,3.28199728,0.3416856492,1.945999871
24/10/2022,0.4393436523,27,0.00001714343434,5.042871033,3.301511732,0.2277904328,1.945919155
25/10/2022,0.6922254805,52,0.00003308131732,5.03977678,3.186525043,0.1138952164,1.945861526
26/10/2022,0.5819838057,46,0.00002922848763,5.03977678,3.186525043,0.1138952164,1.945861526
27/10/2022,0.5416437711,69,0.00004384414515,5.549020099,3.862037895,0.3416856492,1.94577622
28/10/2022,0.5843147996,64,0.00004066275702,5.549020099,3.892037895,0.2923976608,1.945760636
29/10/2022,0.5566726296,43,0.00002731917087,5.549020099,3.892037895,0.2923976608,1.945707481
30/10/2022,1.85962963,38,0.00002414186778,5.549020099,3.892037895,0.2923976608,1.945660509
31/10/2022,0.3944485026,27,0.00001715343704,5.549020099,3.892037895,0.2923976608,1.945627135
1/11/2022,0.7892745162,73,0.00004637588482,5.549020099,3.892037895,0.289017341,1.945600435
2/11/2022,0.5197584652,68,0.00004319744983,5.549020099,3.892037895,0.3468208092,1.945516394
3/11/2022,0.3420850081,40,0.00002540916699,5.549020099,3.892037895,0.4046242775,1.945466961
4/11/2022,0.5584557485,46,0.00002916279959,5.549020099,3.892037895,0.289017341,1.945410116
5/11/2022,0.5291005291,38,0.00002413739002,5.549020099,3.892037895,0.1734104046,1.945363871
6/11/2022,1.024327785,48,0.0000304848956,5.549020099,3.892037895,0.1734104046,1.945303851
7/11/2022,0.6099048548,25,0.00001586970087,6.581740977,2.760084926,0.1734104046,1.945272962
8/11/2022,0.6298690535,38,0.0000241351083,6.276150628,2.824267782,0.1734104046,1.945289526
9/11/2022,0.70869048,38,0.00002413510283,7.203907204,3.156565657,0.1734104046,1.945306089
10/11/2022,0.7453190329,41,0.00002603988039,7.599517491,3.256936068,0.1734104046,1.945255435
11/11/2022,0.7337205747,48,0.0000304848956,7.542262679,3.120936281,0.1734104046,1.945196136
12/11/2022,0.7550735886,42,0.00002667413013,7.042253521,3.169014085,0.2312138728,1.945145487
13/11/2022,1.118067979,41,0.0000260377304,6.137184116,2.286401925,0.1156069364,1.945094842
14/11/2022,0.763540921,32,0.00002032160206,6.52173913,2.415458937,0.1156069364,1.945055315
15/11/2022,0.3934587483,32,0.00002032780009,7.515923567,3.057324841,0.1156069364,1.94501579
16/11/2022,0.6627906977,57,0.00003619779252,7.702020202,3.156565657,0.1138952164,1.944926143
17/11/2022,0.2746347358,25,0.00001586970087,6.91562963,3.057324841,0.1138952164,1.944878014
18/11/2022,0.6937561943,42,0.00002666948096,7.542262679,3.120936708,0.284738041,1.944926143
19/11/2022,0.3835471498,29,0.0000184142534,7.171314741,4.858521708,0.2312138728,1.944890329
20/11/2022,0.3127874885,17,0.00001079178022,7.036535859,4.818744474,0.2312138728,1.944869164
21/11/2022,0.7188039103,25,0.00001586970087,6.91562963,2.475928473,0.1156069364,1.944838463
22/11/2022,0.4050737283,27,0.00001714278199,7.52688172,3.156989247,0.2317497103,1.944805123
23/11/2022,0.5712008502,43,0.00002730219402,7.242339833,3.506963788,0.289017341,1.944752027
24/11/2022,0.4314684309,30,0.0000190475223,7.21220527,2.773925104,0.2896871379,1.944714985
25/11/2022,0.3758875122,27,0.00001714244735,7.398621099,3.766478343,0.2312138728,1.944681648
26/11/2022,0.7550735886,31,0.00001968166706,7.596895026,3.250582033,0.1734104046,1.944643374
27/11/2022,0.4841777624,28,0.00001777669949,5.427779199,3.035278155,0.1156069364,1.944608805
28/11/2022,0.6773399015,22,0.00001396715433,5.914718019,2.475928473,0.1749271137,1.944645131
29/11/2022,0.5400914001,39,0.00002475779959,5.64516129,2.150537634,0.1156069364,1.944596984
30/11/2022,0.5858230814,40,0.00002539384263,5.64516129,2.150537634,0.1156069364,1.944611087
1/12/2022,0.263939294,24,0.00001523591868,7.392473118,4.032258065,0.1749271137,1.94458146
2/12/2022,0.3661885871,24,0.00001523568754,5.62248996,2.275769746,0.1166180758,1.944551833
3/12/2022,0.2535799523,17,0.00001079178014,4.735376045,1.810584958,0.1166180758,1.944530848
4/12/2022,0.6140765234,39,0.00002475734627,4.915730337,1.685393258,0.1166180758,1.944482708
5/12/2022,0.6875687569,25,0.00001586970087,6.223479491,2.263083451,0.1166180758,1.94445185
6/12/2022,0.4174120453,28,0.00001777378949,6.330935252,2.589928058,0.1166180758,1.94451462
7/12/2022,0.3221044155,24,0.00001523440029,5.401459854,1.751824818,0.1166180758,1.944484621
8/12/2022,0.2794163303,18,0.00001142562616,5.102040816,1.603498542,0.0583090379,1.944555889
9/12/2022,0.2941717227,16,0.00001015724609,5.59646539,1.914580265,0.0583090379,1.94453613
10/12/2022,0.4522158577,30,0.0000190475223,4.093567432,2.192982456,0.0583090379,1.944499102
11/12/2022,0.1836359927,9,0.000005712581004,6.011730205,1.46627566,0.05763688761,1.944487994
12/12/2022,0.2095181084,7,0.00000444309318,6.807866868,2.118003026,0.0583090379,1.944479354
13/12/2022,0.245527885,14,0.000008886147364,7.165109034,1.954887218,0.0583090379,1.944462076
14/12/2022,0.6265157639,31,0.00001966762907,6.315789474,1.954887218,0.0583090379,1.944423816
15/12/2022,0.4980906525,30,0.00001904119945,7.184750733,2.052785924,0.05763688761,1.944386793
16/12/2022,0.1955034213,10,0.000006346944625,5.59646539,1.914580265,0.0583090379,1.944374452
17/12/2022,0.247054352,13,0.000008250976947,5.571847507,1.759530792,0.05763688761,1.944358409
18/12/2022,0.1169248758,4,0.000002538741191,5.05952381,1.339285714,0.0583090379,1.944353473
19/12/2022,0.1989554837,8,0.000005077469867,5.231689088,1.494768311,0.0583090379,1.944343601
20/12/2022,0.4386881136,21,0.00001332828774,5.726872247,1.174743025,0.0583090379,1.944317686
21/12/2022,0.4295726882,19,0.00001205876709,5.660377358,1.306240929,0.1166180758,1.944294241
22/12/2022,0.36900369,15,0.000009519965271,5.436337625,1.287553648,0.1166180758,1.944275731
23/12/2022,0.2952532364,13,0.000008250558023,3.96039604,1.272984441,0.1166180758,1.944323155
24/12/2022,0.4001066951,15,0.000009519796098,3.541076487,1.274787535,0.1166180758,1.944304646
25/12/2022,0.5303476724,18,0.00001142364707,3.198887344,0.9735744089,0.1166180758,1.944282435
26/12/2022,0.4136504654,12,0.00000761567738,3.055555556,0.9722222222,0.1166180758,1.944267628
27/12/2022,0.745412844,26,0.00001650050866,3.01369863,0.9589041096,0.1166180758,1.944235547
28/12/2022,0.3349148758,12,0.000007615493722,3.658536585,1.490514905,0.1166180758,1.944220741
29/12/2022,0.7096224805,25,0.00001586549481,3.238866397,1.484480432,0.06544502618,1.944189895
30/12/2022,0.2449479486,12,0.000007615314907,4.447439353,1.482479784,0.1166180758,1.94417509
31/12/2022,0.507859734,21,0.0000133266916,3.480589023,1.204819667,0.1166180758,1.944149181
1/1/2023,0.3919007185,12,0.000007612102179,2.4,1.066666667,0.1166180758,1.944134376
2/1/2023,0.4006410256,15,0.00000951887218,4.122340426,1.196808511,0.1166180758,1.94411587
3/1/2023,0.6723436435,22,0.00001396087609,2.754820937,0.9641873278,0.06544502618,1.944078014
4/1/2023,0.8371385084,33,0.00002094102763,3.778677463,1.079622132,0.06544502618,1.944174931
5/1/2023,0.5882352941,23,0.00001459480481,3.882195448,1.338688086,0.1308900524,1.94414648
6/1/2023,0.5366726297,24,0.00001522672609,3.887399464,1.340482574,0.1963350785,1.944116949
7/1/2023,0.4047672588,18,0.00001142179912,3.799185889,1.356852103,0.1963350785,1.944094744
8/1/2023,0.5001471021,17,0.00001078713057,3.89261745,1.073825503,0.1963350785,1.944137226
9/1/2023,0.283171521,7,0.000004441711734,3.504043127,1.078167116,0.1963350785,1.944128591
10/1/2023,0.3728560776,15,0.00000951791144,3.698435277,1.137980085,0.1308900524,1.944110087
11/1/2023,0.4390110165,26,0.00001649755614,3.47705146,0.9735744089,0.1308900524,1.944078014
12/1/2023,0.5157297576,20,0.00001269021844,3.443526171,1.101928375,0.1308900524,1.944053344
13/1/2023,0.3749707054,16,0.00001015343592,3.194444444,1.25,0.1308900524,1.944033871
14/1/2023,0.4399230135,16,0.00001015194286,3.89261745,1.073825503,0.1308900524,1.944033871
15/1/2023,0.4390110165,11,0.000006979389862,3.89261745,0.651465798,0.1308900524,1.943810923
16/1/2023,0.2680965147,5,0.000003172427796,3.066666667,0.8462623413,0.06544502618,1.943801057
17/1/2023,0.5780346821,24,0.00001522361587,6.727272727,2.415458937,0.1308900524,1.943784375
18/1/2023,0.4110251451,17,0.00001078605604,3.778677463,0.963081862,0.06544502618,1.94375768
19/1/2023,0.4390110165,21,0.00001332380481,2.4,0.8,0.06544502618,1.943731113
20/1/2023,0.4470588235,19,0.001205471317,2.431118314,0.8103727715,0.06544502618,1.94395768
21/1/2023,0.2415458937,9,0.000005710058458,2.6272578,0.8210180624,0.06544502618,1.94394658
22/1/2023,0.3305785124,10,0.000006344473171,2.649006623,0.8278145695,0.06544502618,1.943934246
23/1/2023,0.09348706762,3,0.000001903329876,3.025210084,0.8403361345,0.06544502618,1.943930546
24/1/2023,0.2958579882,12,0.000007613305012,3.384094755,0.6768189509,0.06544502618,1.943915747
25/1/2023,0.4755434783,21,0.00001332318667,3.367003367,0.6734006734,0.06544502618,1.943889848
26/1/2023,0.3171726325,14,0.000008882003222,3.220338983,0.6779661017,0.06544502618,1.943872582
27/1/2023,0.3809489489,17,0.00001078433813,3.355704698,0.6711409396,0.06544502618,1.943851618
28/1/2023,0.3783663477,18,0.00001141449949,3.459637562,0.823723229,0.06544502618,1.94382942
29/1/2023,0.4390110165,15,0.000009516102179,3.42019544,0.651465798,0.06544502618,1.943810923
30/1/2023,0.3392705683,8,0.00000507284687,3.459637562,0.823723229,0.06544502618,1.943801057
31/1/2023,0.5003950487,19,0.00001205345667,3.300330033,0.6600660066,0.06544502618,1.943777628
1/2/2023,0.4044274159,19,0.00001205345166,2.965403624,0.6589785832,0.06544502618,1.943754199
2/2/2023,0.2493765586,12,0.000007612616675,3.541076487,0.8865248227,0.06544502618,2.000252172
3/2/2023,0.406779661,18,0.00001141110328,3.025210084,0.6722689076,0.06544502618,1.943717207
4/2/2023,0.3783663477,17,0.00001078433176,3.025210084,0.6722689076,0.06544502618,1.943696245
5/2/2023,0.4806476094,19,0.00001205294669,3.338898164,1.001669449,0.1963350785,1.943672818
6/2/2023,0.5133928571,13,0.000008246656052,3.010033445,0.6688963211,0.06544502618,1.94365679
7/2/2023,0.3404255319,16,0.00001014643592,3.150912106,0.9950248756,0.06544502618,1.943637063
8/2/2023,0.3554997909,17,0.0000107838871,3.98013245,0.6622516556,0.06544502618,1.943616103
9/2/2023,0.4639858595,21,0.00001332112767,3.750809061,0.6472491909,0.06544502618,1.943590212
10/2/2023,0.627090301,30,0.00001902779009,2.415458937,0.6441223833,0.06544502618,1.943553226
11/2/2023,0.4699850459,22,0.0000139546807,2.222222222,0.6349206349,0.06544502618,1.943526104
12/2/2023,0.4390110165,23,0.00001458544055,3.153726488,0.4232804233,0.06544502618,1.943498983
13/2/2023,0.4547044421,13,0.000008245917052,3.379416283,0.9216589862,0.06544502618,1.943482957
14/2/2023,0.4390110165,21,0.00001332021667,3.494176373,0.9983361065,0.06544502618,1.94345707
15/2/2023,0.6339468303,31,0.00001966291422,3,0.8333333333,0.06544502618,1.943482284
16/2/2023,0.7432703897,37,0.0000234681781,4.215456674,1.170960187,0.06544502618,1.943436675
17/2/2023,0.3294573643,17,0.00001078242338,4.716981132,1.509433962,0.1963350785,1.943415721
18/2/2023,0.6691947357,30,0.0000190276008,4.680851064,1.276595745,0.1963350785,1.943378743
19/2/2023,0.4715672677,17,0.00001078210196,4.430379747,1.265822785,0.1963350785,1.943357789
20/2/2023,0.4715672677,32,0.00002029550025,4.166666667,1.041666667,0.1963350785,1.943318349
21/2/2023,0.5315461058,23,0.00001458709609,4.384133612,1.043841336,0.06544502618,1.943290002
22/2/2023,0.6744098813,36,0.0000228336479,4.174950298,1.047120419,0.06544502618,1.943245634
23/2/2023,0.701754386,42,0.00002663630973,4.716981132,1.509433962,0.06544502618,1.943193875
24/2/2023,0.8368200837,42,0.00002663560026,4.129263914,1.436265709,0.06544502618,1.943268951
25/2/2023,0.7226013649,36,0.00002282990642,4.716981132,1.063829787,0.06544502618,1.943224587
26/2/2023,0.4390110165,23,0.00001458522014,4.013961606,1.221640489,0.06544502618,1.943196245
27/2/2023,0.7176287051,23,0.0000145852278,4.188481675,1.047120419,0.06544502618,1.943167903
28/2/2023,0.7658869799,37,0.00002346285038,4,1.217391304,0.06544502618,1.943122312
1/3/2023,0.6986899563,32,0.00002029171709,3.690685413,1.230228471,0,1.943082884
2/3/2023,0.8139534884,42,0.00002663234054,2.909090909,0.7272727273,0.06544502618,1.943031136
3/3/2023,0.5584557485,46,0.00002916279959,2.767527675,0.7380073801,0.06544502618,1.942974464
4/3/2023,0.9836065574,45,0.0000285330584,3.191489362,0.8865248227,0.06544502618,1.942919026
5/3/2023,0.9766296296,50,0.00003170649365,3.198653199,0.8417508418,0.06544502618,1.942857433
6/3/2023,0.9766296296,30,0.00001902089318,3.956521739,0.6956521739,0,1.942820479
7/3/2023,0.9422110553,45,0.00002853079609,3.150912106,0.9950248756,0.06544502618,1.94282845
8/3/2023,0.9695559434,50,0.00003169998123,2.889245586,0.481540931,0,1.942766864
9/3/2023,0.4390110165,73,0.00004628050055,2.865761689,0.6033182504,0.06544502618,1.942676956
10/3/2023,0.4390110165,71,0.00004501046035,2.894356006,0.4341534009,0,1.942589519
11/3/2023,0.4390110165,77,0.00004881196743,2.900552486,0.5524861878,0.06544502618,1.942558091
12/3/2023,0.9766296296,87,0.00005514849207,2.457956016,0.5174644243,0.06544502618,1.942450968
13/3/2023,1.916124367,53,0.00003359429513,2.926779886,0.5089058524,0.06544502618,1.942385715
14/3/2023,1.608021188,85,0.00005387692443,3.210272874,0.963081862,0.06544502618,1.942281073
15/3/2023,0.9766296296,129,0.00008176724094,3.153726488,0.4232804233,0.3272251309,1.941198416
16/3/2023,0.4390110165,133,0.00008422455152,3.153726488,0.4766444233,0.3272251309,1.941077333
17/3/2023,0.04887218045,109,0.00006907813783,3.153726488,0.5708848716,0.3272251309,1.940967925
18/3/2023,1.19850587,103,0.00006526608503,3.153726488,0.6603773585,0.3272251309,1.940697745
19/3/2023,2.97662963,133,0.0000893162943,3.153726488,0.5857740586,0.3272251309,1.94028046
20/3/2023,2.786624204,105,0.0000665248315,3.153726488,0.5631536605,0.5235602094,1.940173602
21/3/2023,2.727637385,136,0.00008615976428,3.153726488,0.5243445693,0.5235602094,1.940044092
22/3/2023,2.97662963,168,0.0001064230681,2.37449118,0.6105834464,0.3272251309,1.939845427
23/3/2023,2.97662963,150,0.00009501085341,2.573879886,0.4766444233,0.3272251309,1.939845427
24/3/2023,3.517786561,89,0.00005636629009,2.188392008,0.5708848716,0.3926701571,1.939697745
25/3/2023,1.433785193,55,0.0000348166422,1.64399093,0.3968253968,0.2617801047,1.939574725
26/3/2023,2.97662963,133,0.00008422855152,1.62425555,0.4872766649,0.2617801047,1.939445571
27/3/2023,1.77430802,50,0.00003166029862,1.983663944,0.7001166861,0.5235602094,1.940676061
28/3/2023,2.303952653,109,0.00006901813784,1.692047377,0.5076142132,0.3272251309,1.940542129
29/3/2023,2.97662963,115,0.00007281629057,1.841517857,0.5580357143,0.3926701571,1.940400844
30/3/2023,2.97662963,98,0.0000620442046,1.949106659,0.4872766649,0.2617801047,1.94028046
31/3/2023,1.447346531,87,0.0000550766409,1.64399093,0.7705008255,0.2617801047,1.940173602
1/4/2023,1.433785193,55,0.00003481629931,1.588235294,0.4117647059,0.2617801047,1.940106054
2/4/2023,1.859956236,55,0.00003481543693,1.406165495,0.5408328826,0.1308900524,1.940038511
3/4/2023,1.595343706,47,0.00002982629006,1.67206041,0.6472491909,0.1308900524,1.940044092
4/4/2023,1.375631668,49,0.0000310163868,1.841517857,0.5253940455,0.1308900524,1.939983923
5/4/2023,1.127527216,58,0.00003676729219,1.538461538,0.5917159763,0.1308900524,1.939976
6/4/2023,1.371990681,53,0.00003354498319,1.457725948,0.5247813411,0.06544502618,1.939974216
7/4/2023,1.211652488,47,0.00002974644008,1.54028436,0.4739336493,0.06544502618,1.93991651
8/4/2023,1.904761905,56,0.00003544951264,1.468860165,0.4700352526,0.06544502618,1.939847759
9/4/2023,0.9017713366,28,0.00001772012829,1.285046729,0.3504672897,0.06544502618,1.939813385
10/4/2023,0.4390110165,37,0.00002341146892,1.407644633,0.4692082111,0.1308900524,1.939767964
11/4/2023,1.0306622,40,0.0000253174277,1.751313485,0.5253940455,0.1308900524,1.939845427
12/4/2023,0.7026348808,28,0.00001777278779,1.737116387,0.521134916,0.1308900524,1.939811056
13/4/2023,1.894451962,70,0.00004429659226,1.64399093,0.3968253968,0.1308900524,1.939725133
14/4/2023,1.223074115,67,0.00004239627944,1.588235294,0.4117647059,0.1308900524,1.939706175
15/4/2023,0.5932957579,20,0.00001265407209,1.577669903,0.4854368932,0.1308900524,1.939681628
16/4/2023,0.4390110165,25,0.00001581863993,1.360946746,0.4733727811,0.1963350785,1.939714219
17/4/2023,0.4390110165,26,0.00001645112529,1.352145797,0.4115226337,0.1963350785,1.939682309
18/4/2023,0.8172950171,31,0.00001961448055,1.336432307,0.4067402673,0.1963350785,1.939644264
19/4/2023,0.4390110165,26,0.00001645053707,1.372315036,0.477326969,0.3272251309,1.939612356
20/4/2023,0.5922416346,20,0.00001265407209,1.577669903,0.4854368932,0.3272251309,1.939587812
21/4/2023,0.6218202374,22,0.00001391927579,1.579586877,0.4860267315,0.3272251309,1.939560815
22/4/2023,0.8771929825,13,0.00000822491212,1.392251816,0.4237288136,0.3272251309,1.939544862
23/4/2023,0.4390110165,17,0.00001075556585,1.380552221,0.4201680672,0.2617801047,1.939524002
24/4/2023,0.4390110165,9,0.000005694061853,1.374775852,0.478182905,0.3272251309,1.939512958
25/4/2023,1.359223301,7,0.000004428689557,1.430274136,0.536352801,0.3272251309,1.9394756
26/4/2023,1.187782805,21,0.00001328600781,1.302545885,0.414446708,0.1138952164,1.939478601